x,y,id
54.0,45.0,still_life_water_death_water_water_death__0
72.0,62.0,still_life_extinguish_blazing_fire_1
40.0,62.0,landscape_every_road_discover_limits_2
41.0,9.0,landscape_stamp_first_law_8199
65.0,64.0,still_life_gleam_dry_light_8
71.0,7.0,landscape_empire_8206
27.0,42.0,portrait_eye_looking_pupil_eye_17
20.0,24.0,landscape_little_impression_upon_8216
44.0,9.0,still_life_rule_govern_25
20.0,33.0,landscape_senses_may_mutual_impressions_8228
32.0,67.0,landscape_motion_moves_moved_move_38
86.0,50.0,landscape_mixture_gold_contained_operati_8234
61.0,52.0,portrait_give_wings_shackles_one_forwar_8235
44.0,79.0,landscape_seed_takes_root_soil_badly_see_8237
58.0,49.0,landscape_wild_birds_pigeons_aviary_home_55
19.0,30.0,landscape_impression_minds_8248
45.0,79.0,landscape_fallow_ground_soil_grow_ground_8252
28.0,45.0,portrait_pupil_way_pupil_transmits_way__68
62.0,65.0,still_life_comes_evening_sun_8266
58.0,23.0,landscape_longer_conquer_passion_existed_8272
66.0,41.0,landscape_heart_even_conquered_bleed_8274
71.0,41.0,landscape_heart_rancour_8282
45.0,4.0,still_life_command_rules_usurps_magic_wan_8286
61.0,14.0,still_life_master_chattel_101
60.0,16.0,landscape_slavery_masters_102
45.0,23.0,landscape_wander_far_afield_allow_altoge_107
17.0,52.0,still_life_pictures_adorned_room_8307
29.0,64.0,portrait_heart_brain_8309
29.0,80.0,still_life_weigh_crowns_light_scale_far_l_8311
51.0,20.0,landscape_ignis_fatuus_led_8312
38.0,55.0,portrait_door_passage_crowding_force_un_8313
5.0,46.0,landscape_stamps_coins_coins_marks_marks_120
78.0,53.0,landscape_hearthstone_124
28.0,48.0,still_life_magical_coat_8318
22.0,46.0,still_life_like_reflection_resting_shinin_128
71.0,58.0,landscape__8320
19.0,31.0,still_life_impression_8322
35.0,67.0,landscape_impel_action_impulse_8324
15.0,55.0,landscape_mind_disposed_paint_colours_co_8326
37.0,11.0,landscape_whether_judges_reason_136
20.0,36.0,landscape_objects_crowding_disturb_impre_8330
40.0,9.0,still_life_law_law_law_144
27.0,41.0,still_life_eye_mind_fixed_steadily_search_152
9.0,45.0,still_life_objects_imprinted_upon_8346
38.0,48.0,still_life_chewing_cud_160
79.0,41.0,still_life_steel_8352
23.0,50.0,portrait_mentis_mirror_162
63.0,70.0,landscape_sun_vision_164
28.0,42.0,portrait_eye_eye_looks_something_165
32.0,50.0,still_life_bodily_garments_clothes_bodily_166
27.0,68.0,still_life_book_169
58.0,26.0,landscape_de_passions_sont_8362
10.0,44.0,landscape_caracteres_find_heart_written__8361
45.0,26.0,landscape_enemy_den_sin_temple_gracious__182
43.0,80.0,landscape_gravitational_force_attraction_185
35.0,46.0,landscape_body_heat_calefaction_calefact_191
20.0,58.0,landscape_round_scenes_imagination_8384
53.0,31.0,landscape_future_harmony_attuned_fill_ch_8387
29.0,41.0,portrait_seeing_eye_seeing_197
64.0,69.0,still_life_light_light_light_light_201
53.0,61.0,landscape_storms_mind_impression_8394
41.0,61.0,portrait_colours_different_complections_8393
24.0,50.0,still_life_pictured_upon_countenance_appe_8401
23.0,47.0,landscape_mirror_glass_unwritten_page_pr_8402
59.0,18.0,still_life_soul_soul_rules_master_rules_s_215
69.0,35.0,landscape_bands_assistance_bands_either_8408
58.0,43.0,portrait_body_slave_sense_217
58.0,58.0,landscape_bark_beset_storms_beset_equipo_8409
40.0,61.0,still_life_white_entirely_fictitious_genu_8410
50.0,51.0,still_life_sort_magic_see_thing_like_thin_8415
39.0,42.0,landscape_unconfin_give_laws_8417
20.0,54.0,portrait_clearer_optics_view_8422
29.0,42.0,still_life_sight_would_see_241
26.0,40.0,landscape_directedness_mind_eye_directed_242
45.0,47.0,landscape_soothes_pensive_reason_undistu_8435
56.0,30.0,landscape_thy_horse_whyche_body_245
32.0,59.0,landscape_libris_vir_scrinio_pectoris_co_246
43.0,44.0,landscape_fantoms_empty_void_pow_leave_t_8443
16.0,28.0,portrait_vertue_vertue_255
29.0,40.0,portrait_vanity_darkened_8448
38.0,26.0,landscape_payre_tables_wherein_written_t_261
42.0,8.0,landscape_law_everie_much_266
59.0,11.0,portrait_thy_heart_274
33.0,34.0,landscape_mind_8469
2.0,49.0,portrait_thine_stamp_8479
61.0,40.0,portrait_civil_war_287
40.0,17.0,landscape_pardon_seals_8482
73.0,55.0,landscape_ever_burning_hell_302
46.0,48.0,still_life_delightful_engine_pretty_308
45.0,24.0,portrait_lock_315
60.0,20.0,still_life_arm_316
19.0,60.0,landscape_haue_marble_marble_marble_wome_318
6.0,33.0,landscape_stamp_impression_deep_8514
82.0,40.0,still_life_resolves_bravely_steel_8521
60.0,52.0,still_life_catch_winged_soul_340
25.0,42.0,portrait_eye_light_reason_347
29.0,45.0,landscape_cartesians_traces_made_spirits_8541
67.0,69.0,still_life_light_349
43.0,25.0,landscape_force_light_reason_wherewith_g_352
39.0,57.0,still_life_dark_recesses_volume_read_simp_8554
50.0,43.0,portrait_torment_vvorme_363
50.0,19.0,landscape_follow_alwaies_heeles_dogge_369
76.0,27.0,landscape_captive_subject_377
67.0,39.0,still_life_heart_strings_break_378
57.0,65.0,landscape_wand_ring_air_within_sea_381
15.0,38.0,landscape_book_wherein_history_384
29.0,33.0,portrait_naturally_gravitate_towards_en_8580
59.0,48.0,landscape_lead_389
73.0,56.0,portrait_fire_fury_8585
55.0,39.0,still_life_brought_forth_delivered_mother_395
33.0,29.0,landscape_beget_generation_breeding_thou_396
68.0,33.0,still_life_arbitrary_chains_8589
59.0,53.0,landscape_pride_winged_eagle_sky_pride_w_398
82.0,46.0,still_life_jewel_399
57.0,8.0,still_life_overturn_throne_8596
34.0,36.0,still_life_mind_though_banquet_405
51.0,46.0,landscape_oaks_410
46.0,77.0,landscape_weed_413
61.0,16.0,still_life_slaves_life_416
52.0,49.0,still_life_fed_eat_paper_drunk_417
33.0,41.0,landscape_little_modell_intelligible_418
40.0,42.0,landscape_unsure_giddy_habitation_420
85.0,44.0,landscape_iron_chain_8614
50.0,72.0,still_life_fish_425
54.0,66.0,seascape_tide_swelled_429
56.0,39.0,still_life_impressed_upon_seal_8623
26.0,43.0,portrait_eyes_436
63.0,28.0,landscape_returned_remain_439
33.0,50.0,still_life_stale_thrifty_444
70.0,55.0,landscape_fill_raise_flame_catch_vibrate_8650
74.0,59.0,landscape_takes_fire_till_8651
39.0,38.0,portrait_thought_may_melt_8668
27.0,38.0,portrait_eyes_486
83.0,44.0,still_life_steel_erst_8680
6.0,48.0,landscape_stamped_impression_8689
40.0,59.0,portrait_black_spots_497
63.0,53.0,landscape_wings_swift_wings_498
53.0,64.0,seascape_watery_way_sail_storm_th_way_s_8693
27.0,65.0,landscape_ass_504
51.0,57.0,landscape_parts_region_clouds_parts_regi_8696
61.0,46.0,still_life_bells_jangled_tune_506
41.0,34.0,portrait_truth_native_inhabitant_human__512
36.0,40.0,still_life_health_vigorous_mind_8708
38.0,74.0,landscape_plants_moisture_lamps_great_th_8710
77.0,29.0,landscape_together_chaynes_fetters_impri_520
49.0,83.0,landscape_plants_use_plant_roots_grow_pl_527
64.0,51.0,landscape_hunt_beast_beast_fly_bird_bird_529
61.0,29.0,still_life_held_reins_carriage_folly_rein_8723
51.0,43.0,still_life_bore_one_stamp_8725
65.0,5.0,landscape_steady_empire_8733
44.0,27.0,landscape_zealous_pilgrimage_550
61.0,9.0,portrait_regent_sit_throned_8744
71.0,8.0,landscape_empire_8745
12.0,54.0,still_life_letter_8749
64.0,56.0,still_life_melted_minted_soul_melted_8751
42.0,10.0,still_life_law_yet_law_8755
44.0,26.0,still_life_blinded_minds_unto_570
40.0,43.0,landscape_mind_desire_572
30.0,40.0,still_life_blinds_573
80.0,46.0,landscape_steel_dust_rushes_adamant_rush_8764
42.0,35.0,portrait_person_8767
56.0,60.0,seascape_sea_stormy_passions_8774
47.0,28.0,landscape_away_sown_sown_587
62.0,41.0,still_life_hardened_590
51.0,24.0,landscape_mind_8783
59.0,37.0,still_life_time_get_within_sting_rage_8787
66.0,37.0,still_life_cut_598
54.0,23.0,landscape_conquer_passions_8796
30.0,57.0,landscape_pimple_lurking_foible_design_f_8805
68.0,41.0,landscape_interior_8806
52.0,45.0,still_life_neither_wine_drink_poured_615
54.0,44.0,still_life_kill_kill_617
22.0,42.0,portrait_upon_eyes_8811
72.0,19.0,still_life_conquest_wing_heart_8815
78.0,46.0,still_life_like_iron_first_heated_upon_8820
21.0,45.0,portrait_frontlets_eyes_631
72.0,37.0,landscape_among_event_unto_heart_full_635
69.0,40.0,portrait_hand_636
60.0,17.0,landscape_heart_making_slave_without_les_8836
69.0,38.0,still_life_bind_644
39.0,69.0,landscape_set_afloat_carried_every_side__8839
68.0,72.0,portrait_piercing_beam_restore_8840
68.0,39.0,portrait_water_face_face_answereth_650
41.0,64.0,landscape_view_charms_8845
23.0,73.0,landscape_many_devices_655
45.0,59.0,landscape_deep_water_656
69.0,6.0,still_life_gain_empire_8848
44.0,10.0,landscape_law_660
83.0,55.0,landscape_mines_sands_treasure_stor_sand_8858
57.0,40.0,landscape_heal_soul_670
52.0,57.0,landscape_empire_er_sadden_ev_ry_springi_8868
83.0,50.0,still_life_gold_sir_8870
57.0,39.0,still_life_seal_seal_upon_683
70.0,35.0,landscape_lifted_hardened_684
76.0,25.0,landscape_divisions_heart_688
67.0,41.0,still_life_stony_heart_give_flesh_689
52.0,33.0,landscape_uncircumcised_flesh_690
42.0,4.0,landscape_order_reason_place_8889
20.0,61.0,landscape_lays_foundation_collecting_rep_8893
70.0,38.0,still_life_keep_double_heart_703
63.0,67.0,still_life_sun_light_sun_sun_717
19.0,45.0,still_life_mental_sight_eye_distinguishin_8910
11.0,45.0,still_life_things_judge_720
73.0,48.0,landscape_operate_strike_like_lightening_8918
22.0,45.0,landscape_eye_fancy_hath_8925
45.0,10.0,portrait_others_services_one_duty_whole_733
26.0,44.0,seascape_eye_eyes_muscles_eyes_eye_gate_735
51.0,34.0,portrait_stranger_lead_8938
46.0,21.0,landscape_places_confined_imprisoned_746
62.0,19.0,landscape_joys_prey_slave_8944
12.0,43.0,landscape_imprinted_lasting_wound_8946
39.0,14.0,still_life_working_upon_exact_notice_scri_759
39.0,13.0,still_life_booke_show_done_done_763
40.0,18.0,landscape_hearts_8956
4.0,41.0,portrait_paper_note_booke_765
33.0,53.0,still_life_many_chest_chests_boxes_box_cl_774
70.0,42.0,portrait_wide_bar_8967
70.0,5.0,portrait_fix_8970
65.0,27.0,portrait_conquers_heart_8972
35.0,35.0,landscape_uprooting_781
34.0,89.0,landscape_currency_787
42.0,65.0,landscape_mirrour_view_8979
80.0,53.0,landscape_door_smote_heart_8985
28.0,43.0,landscape_see_everything_glance_798
22.0,43.0,landscape_fix_gaze_799
47.0,68.0,landscape_contres_unheated_mind_8992
52.0,24.0,portrait_must_interval_betwixt_one_pass_8993
54.0,34.0,portrait_little_treasure_8996
25.0,45.0,portrait_words_perceive_eye_see_mirror__804
51.0,44.0,portrait_nakedness_9002
13.0,51.0,landscape_temple_drawings_sketches_hung__9003
46.0,47.0,landscape_fine_forms_touch_eye_looks_tra_9008
43.0,26.0,still_life_writ_table_every_heart_never_p_821
72.0,40.0,still_life_thine_iron_heart_9032
49.0,8.0,landscape_state_sovereignty_whole_office_843
67.0,15.0,landscape_maintain_empire_9039
79.0,47.0,landscape_loadstone_doth_iron_draws_doth_847
40.0,7.0,still_life_litigation_come_caused_852
55.0,21.0,landscape_conquer_passion_9044
12.0,42.0,still_life_ever_engraven_9046
69.0,55.0,still_life_fire_harmony_aristoxenus_numbe_854
36.0,17.0,landscape_conscience_witnesses_858
26.0,49.0,seascape_substance_case_glass_sun_glass_859
73.0,40.0,still_life_iron_heart_9053
53.0,58.0,seascape_tall_cliff_swells_vale_storm_t_9058
43.0,28.0,landscape_ignes_fatui_wandering_amongst__866
70.0,34.0,still_life_chain_restrain_thy_charms_869
57.0,53.0,landscape_fluttering_birds_entring_chimn_875
55.0,26.0,landscape_chronic_passions_infest_9071
78.0,26.0,landscape_rightly_bondages_occasioned_bo_880
81.0,42.0,still_life_steel_9074
49.0,32.0,still_life_villainous_guest_9077
4.0,36.0,still_life_piece_tabula_rasa_appear_betra_9079
38.0,14.0,landscape_pay_attention_divine_monitors_9090
34.0,53.0,portrait_take_possession_thought_suffic_9101
42.0,43.0,still_life_fair_may_crowds_stall_910
28.0,74.0,landscape_thee_clock_work_9103
78.0,45.0,landscape_iron_conscience_9104
46.0,34.0,landscape_wedding_day_912
44.0,61.0,landscape_ways_mountains_high_right_way__914
55.0,67.0,landscape_stones_hang_innate_sweating_st_915
72.0,41.0,still_life_orphean_lyre_iron_heart_inspir_9107
34.0,33.0,still_life_clarke_918
5.0,35.0,still_life_tabula_rasa_blank_without_9111
62.0,56.0,landscape_swift_thought_flight_reach_soa_922
61.0,54.0,landscape_flight_wing_fly_flight_wing_923
32.0,34.0,portrait_self_mind_934
52.0,12.0,still_life_calice_engraven_936
84.0,45.0,still_life_new_steel_hand_938
81.0,54.0,still_life_jewel_thou_brittle_casket_jewe_940
57.0,58.0,landscape_gusts_clouds_storms_gusts_clou_9135
51.0,69.0,landscape_engagements_diggs_without_spad_948
68.0,59.0,landscape_little_flame_fire_kindled_flam_949
81.0,46.0,still_life_gold_draws_iron_load_stone_iro_951
55.0,46.0,landscape_dross_tinn_953
60.0,66.0,landscape_mists_behind_sky_glow_like_bri_9151
43.0,53.0,landscape_life_image_future_impassion_li_9152
39.0,27.0,landscape_implanted_instinct_essential_n_9160
28.0,72.0,still_life_perfect_mill_projects_9163
24.0,62.0,landscape_particular_architect_plastick__972
29.0,70.0,still_life_vehicle_matter_actuates_concom_979
64.0,55.0,landscape_cataract_vortex_whirls_wild_vo_9174
50.0,66.0,landscape_wavy_stream_obsequious_flows_w_9175
75.0,41.0,still_life_iron_hearts_9181
47.0,43.0,landscape_visions_haunt_9198
53.0,70.0,landscape_torrent_whirlwind_filthy_resol_1009
18.0,26.0,landscape_impression_9204
69.0,56.0,still_life_goes_invades_altar_burning_sac_1016
58.0,34.0,still_life_beasts_whose_1020
1.0,47.0,portrait_stamp_9214
62.0,47.0,landscape_sound_peliack_cave_bridle_alla_1022
53.0,43.0,portrait_forth_poured_9219
58.0,48.0,landscape_incense_9223
86.0,47.0,portrait_rust_1031
48.0,83.0,still_life_ripened_9229
47.0,21.0,landscape_liberty_prison_large_wretched__1038
51.0,65.0,seascape_waves_headlong_tide_9233
72.0,35.0,portrait_fetter_soft_chaines_1042
56.0,20.0,still_life_ruling_passion_9237
28.0,70.0,landscape_machine_way_principal_way_late_1049
10.0,50.0,landscape_traces_imprinted_traces_imprin_1054
82.0,54.0,portrait_jewel_chrystal_clos_9250
35.0,41.0,still_life_sicknesses_body_disease_1068
39.0,31.0,landscape_souldiers_employ_well_1076
62.0,52.0,still_life_got_upon_wing_contemplation_de_1077
28.0,37.0,landscape_suddenly_cut_ambuscade_shot_gr_1080
36.0,70.0,still_life_proceed_either_wandring_slowly_1082
45.0,51.0,landscape_roving_although_semblances_fug_9276
49.0,48.0,portrait_etherial_temper_flame_contempt_9282
42.0,58.0,still_life_contrived_puppet_gossamer_give_9287
38.0,11.0,landscape_judge_justice_9290
14.0,30.0,landscape_impression_shin_clear_1103
53.0,34.0,landscape_precious_treasures_laid_9299
70.0,43.0,still_life_billows_firm_1111
53.0,44.0,still_life_souls_feet_wash_1112
12.0,55.0,landscape_states_mount_sion_1124
60.0,10.0,still_life_royal_throne_9322
37.0,54.0,still_life_room_1133
69.0,7.0,landscape_sweetest_empire_9328
37.0,45.0,still_life_always_write_line_dressed_dres_1141
22.0,41.0,landscape_index_9334
46.0,25.0,landscape_whose_noblest_home_1143
40.0,36.0,landscape_scarce_glance_1145
35.0,11.0,still_life_self_mov_dilate_act_unless_imp_1146
56.0,64.0,landscape_turbulence_passion_animosity_9342
43.0,11.0,landscape_prince_nations_keeps_shall_nev_1151
26.0,42.0,portrait_eye_eye_1152
74.0,61.0,portrait_fiery_kind_9345
47.0,79.0,landscape_seed_sown_manuring_sown_trees__1166
38.0,10.0,still_life_law_write_1168
46.0,6.0,landscape_intuitive_discourse_1172
56.0,53.0,landscape_feed_voluntary_harmonious_volu_1175
46.0,43.0,portrait_forge_illusions_list_1176
71.0,61.0,still_life_flame_9369
29.0,35.0,portrait_blank_character_presents_9373
14.0,54.0,still_life_painting_painted_picture_1183
56.0,48.0,landscape_pupil_impulse_heart_forced_coa_9384
20.0,48.0,still_life_reflects_faithful_images_manne_9386
18.0,23.0,landscape_goodly_look_pure_impression_1198
56.0,31.0,portrait_drawn_beastly_body_1201
29.0,74.0,still_life_confused_chaos_conceptions_uns_9393
24.0,42.0,still_life_object_eye_1203
37.0,71.0,landscape_ballast_part_influence_part_ou_1206
56.0,49.0,portrait_rational_soul_one_conjoyned_ac_1212
29.0,47.0,still_life_things_eye_9406
32.0,27.0,portrait_human_novelty_infant_conceptio_9407
67.0,65.0,portrait_fiery_part_light_derived_fiery_1218
23.0,33.0,portrait_man_president_th_acts_facultie_1219
40.0,65.0,landscape_like_roads_journey_9417
43.0,61.0,landscape_deep_shade_colouring_faint_9421
40.0,63.0,landscape_imagination_deviates_paths_lea_9433
71.0,54.0,still_life_fills_conceptions_sets_fire_pu_9437
28.0,34.0,landscape_settle_left_settle_image_1250
38.0,42.0,landscape_sick_much_diseased_9446
14.0,32.0,landscape_ideas_work_impressions_fix_upo_9449
74.0,63.0,still_life_balm_relief_9455
25.0,48.0,still_life_mirror_undeceiving_glass_refle_1270
68.0,67.0,still_life_lamp_lamp_1271
20.0,67.0,still_life_collections_laid_9467
58.0,52.0,still_life_birds_aspiring_nests_nests_bui_1275
81.0,53.0,portrait_diamond_gold_lustre_1279
70.0,57.0,landscape_flame_9472
48.0,28.0,landscape_want_fewel_extinguished_9475
45.0,35.0,still_life_lies_crowds_1283
17.0,63.0,landscape_maintain_granaries_plentiful_s_9485
16.0,27.0,still_life_take_impression_take_white_pap_1294
70.0,22.0,still_life__9500
16.0,54.0,landscape_paint_imagination_ornamental_k_9501
48.0,53.0,landscape_makes_far_soars_leaps_away_run_1310
42.0,61.0,still_life_blend_tints_contrast_colors_9504
86.0,48.0,landscape_base_alloy_refin_1321
77.0,45.0,landscape_loadstone_hadst_make_iron_hear_1325
77.0,41.0,landscape_heart_steel_1328
44.0,34.0,still_life_man_hall_1343
52.0,42.0,still_life_drossy_soil_1348
29.0,34.0,still_life_minds_impressed_9543
27.0,17.0,still_life_account_fine_poetical_strong_i_9546
70.0,50.0,landscape_ray_1359
18.0,31.0,still_life_representations_effect_impress_9551
56.0,10.0,still_life_senses_pulleth_ns_pow_rightful_1365
43.0,46.0,landscape_nearly_become_9559
39.0,7.0,landscape_phenomena_nature_depend_upon_g_9563
56.0,42.0,still_life_soul_sup_1373
71.0,34.0,landscape_cannot_chordage_chain_sweet_ca_1374
46.0,71.0,landscape_fresh_meadows_fresh_meadows_1378
68.0,61.0,landscape_fancy_glow_sacred_fire_airs_th_9575
34.0,54.0,still_life_furniture_picture_1384
79.0,28.0,still_life_soul_tyrannic_soul_bonds_1387
70.0,17.0,landscape_conquest_1389
34.0,55.0,landscape_flimsy_furniture_9583
81.0,39.0,still_life_steel_9592
78.0,48.0,still_life_steel_stoic_ring_charms_wou_me_9593
58.0,53.0,landscape_airy_wilds_9595
61.0,66.0,landscape_nightly_tapers_disappear_brigh_1410
68.0,8.0,portrait_absolute_9606
59.0,52.0,landscape_dove_brood_dove_brood_9617
38.0,56.0,still_life_set_workings_recesses_theatre__9619
64.0,16.0,still_life_civil_war_within_one_govern_ki_1430
68.0,21.0,portrait_hearts_1440
53.0,33.0,still_life_turrit_treasures_memory_wit_1447
54.0,32.0,still_life_precious_relics_defacement_pre_1454
55.0,75.0,portrait_opening_rose_shou_9648
53.0,35.0,portrait_treasures_concealed_tenderest__9649
47.0,70.0,still_life_posting_sink_9656
23.0,26.0,landscape_made_impression_beheld_much_be_9658
17.0,31.0,landscape_indelible_impressions_9659
25.0,49.0,portrait_reflections_stamp_1469
15.0,29.0,landscape_softned_impressions_heart_fire_1472
66.0,7.0,landscape_empire_9669
56.0,21.0,still_life_ruling_passion_9670
17.0,25.0,landscape_made_impressions_9673
24.0,35.0,still_life_brightening_strengthening_meta_9678
27.0,46.0,landscape_ordinary_vision_ordinary_visio_1490
9.0,51.0,seascape_wax_pure_body_seal_fashioning__1493
18.0,29.0,landscape_impression_upon_9685
14.0,38.0,portrait_thought_one_9696
53.0,68.0,landscape_th_stag_like_fate_falling_dyes_1506
15.0,56.0,still_life_painted_liveliest_colours_9701
48.0,43.0,portrait_anxious_haunt_anxious_haunt_1509
24.0,60.0,landscape_building_house_without_window__9706
7.0,44.0,portrait_inscription_upon_1518
70.0,15.0,landscape_invading_fits_noise_1519
19.0,24.0,landscape_impression_made_1520
42.0,33.0,landscape_mansion_find_beauteous_mansion_1526
55.0,59.0,landscape_whirlwind_9734
55.0,7.0,portrait_monarch_reason_throne_monarch__1543
15.0,30.0,landscape_take_th_impression_image_fancy_1544
59.0,63.0,landscape_tempest_wind_1546
79.0,43.0,still_life_wound_steel_1547
42.0,60.0,still_life_livery_wear_9739
57.0,46.0,still_life_cell_1561
73.0,32.0,landscape_pedant_chains_clog_9757
52.0,65.0,seascape_ship_tost_tide_wind_ship_tide_1566
78.0,28.0,still_life_tyrant_vice_chains_captive_tyr_1565
60.0,67.0,landscape_flights_imagination_9764
48.0,18.0,still_life_conflicts_dictates_1572
51.0,58.0,landscape_clouds_diamonds_1574
19.0,39.0,landscape_grand_instruments_capacity_pro_1573
46.0,69.0,still_life_bottle_vessel_spirits_bottle_b_1577
56.0,26.0,landscape_plenteous_ease_predominant_pas_1585
65.0,63.0,landscape_fires_blaze_without_carry_deva_9782
73.0,39.0,portrait_heart_iron_1598
75.0,61.0,landscape_fire_blaze_kindled_9792
52.0,39.0,landscape_refin_drossie_earth_sordid_1600
42.0,37.0,landscape_anxious_crowds_anxious_invade_1605
60.0,36.0,landscape_horror_plague_poisons_1613
35.0,88.0,landscape_sterling_currency_language_coi_9806
74.0,26.0,portrait_war_1620
31.0,36.0,landscape_rivulet_9817
69.0,22.0,portrait_conquer_heart_1631
22.0,52.0,landscape_steht_seele_und_der_mirror_9824
69.0,58.0,landscape_pure_flame_planted_9825
44.0,56.0,landscape_kind_vulture_like_1638
68.0,64.0,landscape_guard_walls_ice_flames_kindled_1641
58.0,46.0,landscape_lab_ring_cell_far_9841
21.0,36.0,landscape_definitive_lasting_variable_9849
39.0,55.0,landscape_theatre_spacious_voluptuous_sp_9857
31.0,51.0,still_life_stamp_standard_rest_richest_tr_1666
8.0,43.0,still_life_write_engraven_9862
13.0,39.0,still_life_read_eyes_saw_things_write_cha_1682
27.0,30.0,landscape_characters_clearest_impression_1683
58.0,42.0,still_life_scene_perpetually_horror_9879
48.0,44.0,still_life_phantasms_9880
54.0,43.0,landscape_pour_forth_9881
47.0,40.0,portrait_darkned_worn_1690
52.0,36.0,still_life_every_secret_journal_9894
41.0,44.0,landscape_penetrated_deep_impression_9896
33.0,52.0,landscape_store_house_store_house_1709
21.0,33.0,landscape_repeated_impressions_either_1712
15.0,40.0,landscape_tombs_inscriptions_effaced_bra_1713
50.0,32.0,landscape_heart_overflows_presence_fond__9909
58.0,37.0,portrait_seal_first_imprest_9913
56.0,17.0,portrait_tyrant_9916
69.0,64.0,still_life_candle_extinguish_1725
69.0,33.0,portrait_enslaved_chains_9918
22.0,34.0,landscape_retains_impressions_congenial__9923
33.0,25.0,landscape_theatre_amphitheatre_9926
23.0,40.0,still_life_wholly_stranger_1737
48.0,20.0,landscape_prison_doors_lodging_chains_kn_1743
40.0,54.0,landscape_open_locks_asunder_fetters_hol_9938
38.0,61.0,portrait_deepest_stains_9951
20.0,47.0,portrait_perception_face_reflected_seve_1762
60.0,32.0,still_life_groundless_jealousy_poison_9955
28.0,38.0,landscape_attend_motions_observe_course__1764
60.0,57.0,landscape_discovery_worlds_new_modes_9979
80.0,43.0,still_life_steel_enough_9989
35.0,40.0,still_life_sickness_1798
83.0,51.0,still_life_pull_gold_9992
23.0,59.0,landscape_windows_1803
58.0,10.0,landscape_thy_throne_ever_9998
36.0,39.0,portrait_fetter_thoughts_fly_10005
51.0,50.0,landscape_dance_1815
24.0,59.0,portrait_making_door_open_let_us_10008
39.0,39.0,landscape_crowd_allow_come_crowded_atoms_1816
76.0,65.0,still_life_marksman_shoot_diligence_arrow_10015
52.0,73.0,landscape_horseback_hold_rein_walk_foot__10016
83.0,40.0,landscape_dissipation_steels_bestow_10018
55.0,32.0,landscape_preying_passion_motion_scarce__1833
60.0,42.0,still_life_wounded_body_mind_10037
41.0,45.0,portrait_matter_pregnant_brain_labours__1846
56.0,45.0,still_life_rambling_part_1851
39.0,63.0,still_life_handful_makes_luggage_1852
48.0,54.0,landscape_family_sheep_gentle_lamb_creat_1853
37.0,51.0,landscape_mental_stores_shall_unfading_b_10046
48.0,55.0,landscape_mind_body_rambling_alike_neith_1857
37.0,56.0,landscape_old_furniture_apartments_cells_10052
30.0,46.0,still_life_naked_cloathed_sensible_10054
13.0,52.0,still_life_skilful_artist_goes_work_upon__10057
82.0,41.0,still_life_bosom_steel_10065
13.0,42.0,portrait_seen_impression_wrought_1876
64.0,49.0,still_life_shell_instruments_death_murder_1877
68.0,35.0,landscape_little_towring_hand_cufft_almo_1882
29.0,60.0,landscape_cells_thro_fancy_rove_10077
53.0,54.0,landscape_bright_visions_rushing_thy_min_10079
57.0,41.0,landscape_lodging_lodgings_1887
45.0,38.0,portrait_mixed_multitude_gondoleers_peo_10093
64.0,54.0,portrait_sentinel_perpetual_emanation_g_1910
75.0,24.0,landscape_takes_walk_large_campaign_1911
32.0,18.0,landscape_none_besiege_1914
74.0,58.0,still_life_ductile_gold_10107
48.0,81.0,landscape_efflorescence_budding_cultivat_10108
46.0,53.0,landscape_wandering_fancy_drag_something_1917
33.0,27.0,still_life_life_errors_breed_10112
3.0,46.0,portrait_mint_conduct_mint_stamp_10113
48.0,67.0,landscape_medium_e_doth_water_pure_clear_1922
69.0,17.0,portrait_conquer_1931
35.0,55.0,landscape_furniture_10124
41.0,35.0,still_life_critics_vulgar_note_10134
29.0,20.0,still_life_first_reason_blindfold_1943
23.0,58.0,landscape_window_may_open_prospect_appea_10138
30.0,62.0,landscape_brain_capital_organ_10139
70.0,31.0,landscape_put_chains_slave_use_1953
32.0,28.0,portrait_early_instilled_strict_taught__10146
79.0,54.0,still_life_pleasing_smite_represent_1956
73.0,33.0,still_life_chains_since_1961
3.0,47.0,portrait_stamp_image_thine_image_form_1963
37.0,34.0,portrait_evidently_seat_10158
25.0,39.0,landscape_passing_10162
62.0,16.0,landscape_distressed_kingdom_slave_1977
27.0,75.0,landscape_give_vacant_drum_10171
57.0,37.0,still_life_shall_remain_eternity_10175
76.0,64.0,landscape_tinder_apt_fire_1993
67.0,16.0,landscape_divide_empire_empire_controuls_2002
7.0,53.0,portrait_ductile_wax_2004
37.0,39.0,still_life_restless_still_despondency_10198
4.0,43.0,portrait_white_paper_wax_book_white_pap_2008
21.0,59.0,landscape_stop_windows_flew_2011
47.0,34.0,portrait_guest_takes_2013
82.0,27.0,still_life_bind_soft_chains_secure_2015
46.0,39.0,landscape_yet_forcibly_rushed_upon_10209
61.0,42.0,landscape_wounds_made_em_2023
25.0,46.0,portrait_eye_mirror_present_clearer_glo_10222
70.0,36.0,portrait_enemy_strongest_hearts_reason__2035
27.0,22.0,landscape_several_ways_ran_dancing_remem_2037
54.0,21.0,landscape_tamed_10234
41.0,28.0,still_life_mankind_10249
53.0,73.0,landscape_horse_wild_coursers_irregularl_2058
61.0,26.0,portrait_pride_passion_art_powers_man_m_10250
74.0,65.0,still_life_chargers_cannot_kind_pure_rece_2060
43.0,59.0,landscape_descends_find_2065
45.0,71.0,landscape_house_clay_clogs_2070
54.0,73.0,landscape_horse_course_rein_10263
69.0,62.0,still_life_glances_corners_mind_embers_cr_2072
15.0,52.0,landscape_took_root_grew_2074
63.0,51.0,landscape_mounts_wings_fire_possesses_wi_10269
71.0,32.0,portrait_chain_firmly_stroak_given_2081
70.0,20.0,landscape_conquer_heart_2082
66.0,33.0,portrait_weakness_pride_fortress_comman_10278
38.0,32.0,landscape_chooses_reside_2087
50.0,52.0,landscape_kind_things_better_name_kind_m_10281
50.0,38.0,landscape_earthly_tabernacle_return_2099
68.0,18.0,still_life_conquest_2109
31.0,44.0,portrait_darkness_eye_perceptive_eye_10315
17.0,45.0,landscape_beauty_comely_bodies_2127
5.0,32.0,portrait_impression_left_10322
27.0,31.0,still_life_self_judge_within_till_2138
4.0,49.0,portrait_image_perfect_image_2140
23.0,27.0,portrait_stronger_impression_mind_10340
10.0,32.0,landscape_make_impression_much_10345
20.0,60.0,landscape_windows_within_10349
79.0,30.0,landscape_chains_10350
28.0,39.0,landscape_mind_eye_persons_pass_street_o_10352
58.0,40.0,portrait_devil_gnaws_gnaws_devil_2162
54.0,48.0,landscape_made_impenetrable_mould_vain_b_2174
10.0,52.0,landscape_made_sand_shape_breadth_substa_10367
70.0,46.0,portrait_bileront_went_2176
10.0,47.0,landscape_sentiments_imprinted_10370
44.0,7.0,still_life_reason_rule_us_10379
4.0,33.0,landscape_rasa_tabula_10381
32.0,30.0,landscape_extacy_sobered_enough_10391
73.0,60.0,landscape_wandring_flames_2199
63.0,15.0,landscape_free_2200
65.0,14.0,still_life_empire_throne_empire_throne_2202
64.0,28.0,landscape_struggles_2205
44.0,29.0,landscape_ruin_tenements_10398
62.0,29.0,landscape_throws_reins_upon_neck_fancy_10409
32.0,68.0,still_life_motion_motion_2222
55.0,43.0,still_life_soul_lifeless_soul_2224
77.0,25.0,landscape_would_lay_strong_siege_breach__10418
39.0,37.0,still_life_ideas_cogitations_soul_2229
60.0,9.0,landscape_written_10422
8.0,53.0,landscape_like_soft_wax_till_2233
82.0,52.0,landscape_gold_breast_marble_2234
61.0,43.0,landscape_bosom_rankling_shaft_pain_cure_10428
69.0,59.0,still_life_still_burns_10429
86.0,46.0,portrait_ever_brought_mettal_made_scrol_2240
67.0,59.0,still_life_fire_life_10434
57.0,45.0,portrait_see_spirit_lost_ever_gulf_eye__10439
49.0,49.0,landscape_quench_cheering_flame_mists_ef_10442
48.0,66.0,landscape_marble_heart_rock_sluces_flood_2254
81.0,55.0,still_life_jewel_would_shine_something_fu_10447
38.0,71.0,portrait_descriptions_inlets_2262
26.0,32.0,landscape_eyes_things_seen_2266
28.0,20.0,portrait_polish_10459
7.0,46.0,portrait_imprint_thing_lead_2268
55.0,36.0,portrait_pearl_beneath_10458
14.0,31.0,landscape_hearts_impression_2270
43.0,30.0,landscape_mansions_many_large_fairest_la_2279
31.0,55.0,still_life_choice_repositories_whilst_doo_2280
52.0,81.0,landscape_pleasure_spider_spins_web_yet_2284
23.0,44.0,still_life_opens_eye_view_self_2291
46.0,38.0,landscape_multitude_strangers_wild_death_10499
59.0,31.0,landscape_dangerous_guards_corrupted_som_2308
3.0,37.0,still_life_tabula_rasa_write_10502
40.0,57.0,still_life_grudged_narrow_neck_vinegar_cr_10504
16.0,56.0,still_life_colour_must_something_coloured_10511
20.0,52.0,still_life_mirror_10512
35.0,65.0,still_life_perceive_clogs_sort_sort_glori_2325
31.0,62.0,still_life_seat_entirely_serve_least_2327
7.0,51.0,landscape_proud_even_instantly_sarcastic_10531
19.0,29.0,landscape_impression_made_upon_10540
13.0,43.0,still_life_dr_cheyne_laid_rule_laid_impri_10549
23.0,29.0,landscape_impression_fancy_though_certai_10555
20.0,31.0,landscape_leave_lasting_impression_behin_10558
55.0,74.0,landscape_away_unbroke_horse_govern_thre_10562
84.0,48.0,still_life_metals_melt_2371
68.0,66.0,landscape_candle_2384
48.0,45.0,still_life_extinguished_like_candle_air_10579
66.0,18.0,still_life_conquer_cause_right_ill_nay_fo_2403
16.0,30.0,portrait_like_blank_paper_first_impress_10596
56.0,41.0,landscape_ardent_10601
56.0,54.0,landscape_beneficent_genii_santons_subdu_10604
44.0,33.0,portrait_adorned_grandeur_within_flames_10606
74.0,57.0,still_life_took_fire_10609
41.0,20.0,landscape_sense_preside_rooted_blind_sen_2418
67.0,64.0,landscape_taper_faintly_burns_flame_turn_2419
62.0,69.0,still_life_stars_till_morning_stars_noon_2420
67.0,19.0,landscape_mine_conquer_conquer_2425
84.0,50.0,landscape_metals_alloy_ore_unpurify_ore__10617
63.0,18.0,still_life_wage_war_2426
63.0,19.0,still_life_rebel_2428
43.0,5.0,still_life_rules_custom_2429
19.0,44.0,still_life_fancy_sickening_pencil_10623
59.0,19.0,portrait_slave_masters_tyranny_subject__2434
83.0,54.0,portrait_gem_10628
77.0,42.0,still_life_steel_2437
45.0,36.0,landscape_crowds_2439
56.0,66.0,landscape_flood_may_run_2441
60.0,45.0,still_life_shield_10643
69.0,5.0,landscape_resume_empire_lawful_tyrant_2453
76.0,41.0,still_life_hearts_steel_10647
52.0,56.0,landscape_cloud_sun_dispel_2461
80.0,28.0,landscape_throw_chains_maintains_10658
61.0,10.0,portrait_part_mighty_empires_father_wif_2480
62.0,54.0,landscape_fly_like_icarus_soar_high_icar_2481
35.0,45.0,landscape_mind_naturally_body_thing_body_2482
59.0,26.0,landscape_passion_storms_10673
78.0,44.0,still_life_melt_heart_steel_10674
70.0,37.0,landscape_inexplicable_abyss_10683
66.0,70.0,still_life_shines_upon_light_2495
60.0,53.0,landscape_clings_wings_goldfinches_birdl_10687
48.0,30.0,portrait_entertain_guest_2501
86.0,49.0,landscape_every_base_alloy_10702
45.0,11.0,landscape_law_2511
74.0,56.0,portrait_fire_10705
71.0,37.0,landscape_unguarded_steals_day_upon_ligh_2514
49.0,34.0,portrait_stranger_10712
7.0,41.0,still_life_written_tablet_10717
53.0,45.0,landscape_souls_drunk_flesh_2527
71.0,63.0,landscape_confest_flame_2531
70.0,19.0,landscape_fight_conquest_2539
51.0,74.0,landscape_luxuriant_shoots_restrained_lu_10738
79.0,46.0,landscape_rust_rubbed_10743
72.0,58.0,landscape_flame_thy_kindled_2555
52.0,31.0,landscape_harmony_2557
65.0,8.0,portrait_tyrant_empire_empire_thoughts__2562
72.0,55.0,landscape_flame_shame_force_leave_soul_m_2563
68.0,65.0,portrait_light_drawn_intellectual_beam__2566
71.0,60.0,landscape_flaming_spirits_blaze_scorch_2567
44.0,36.0,landscape_thousand_crowd_2571
26.0,15.0,landscape_ideas_assiduously_account_10770
45.0,33.0,still_life_within_lodging_2583
81.0,56.0,landscape_ring_nature_impurities_2584
52.0,34.0,still_life_closet_2585
53.0,40.0,portrait_doth_rot_2587
70.0,63.0,landscape_fire_seemed_inflame_ray_across_10779
34.0,50.0,still_life_check_book_customers_check_boo_10782
57.0,5.0,portrait_prevail_throne_2594
32.0,38.0,still_life_accounts_weight_removed_mind_10790
73.0,19.0,still_life_conquer_heart_2601
44.0,80.0,landscape_seeds_sown_root_seeds_taking_r_10793
19.0,27.0,landscape_leave_deep_impression_2603
20.0,26.0,still_life_impression_2604
65.0,44.0,landscape_inflame_ingenious_new_anguish__10806
47.0,46.0,landscape_yielding_effort_conquer_trying_10808
55.0,37.0,landscape_unlade_pour_wond_unlade_pour_2624
59.0,60.0,landscape_rising_storm_passion_shook_2625
38.0,53.0,landscape_together_thousand_adjoining_ro_10818
79.0,53.0,landscape_harder_rocks_snow_rocks_colder_10819
47.0,39.0,landscape_impatient_enquiries_darted_10824
61.0,28.0,landscape_accesses_let_eyes_explore_warr_2634
77.0,47.0,landscape_spark_wake_2636
44.0,13.0,still_life_rule_thy_reason_judge_2642
52.0,44.0,still_life_pouring_pouring_10835
65.0,51.0,landscape_madness_till_burst_2646
66.0,39.0,still_life_heart_strings_oh_2650
84.0,54.0,portrait_gems_purest_10846
81.0,45.0,landscape_savage_habit_steels_soil_force_10853
38.0,54.0,still_life_room_guest_human_guest_2670
59.0,73.0,still_life_yoke_upon_unbroken_gall_tramme_10866
7.0,52.0,landscape_wax_may_10869
61.0,45.0,still_life_harmony_exactly_tuning_thus_pe_2679
42.0,6.0,still_life_head_rules_10872
40.0,45.0,still_life_womb_things_grave_womb_things__2688
50.0,75.0,portrait_animals_teeth_claws_extremely__2694
56.0,8.0,still_life_throne_forgetting_10886
50.0,39.0,landscape_earthly_tabernacles_delights_h_2702
46.0,60.0,landscape_one_scumming_let_bringing_make_2703
35.0,49.0,portrait_engraven_characters_10896
31.0,39.0,landscape_naked_2706
33.0,47.0,landscape_cloath_naked_body_sort_naked_b_2708
50.0,24.0,landscape_invades_discretion_love_2711
47.0,29.0,portrait_haggard_train_unwelcome_mental_10907
25.0,32.0,landscape_art_make_impression_upon_minds_2717
71.0,35.0,portrait_always_rivetted_remove_10918
48.0,50.0,portrait_worn_popish_ragged_perpetual_t_2728
65.0,66.0,still_life_bright_idea_sum_things_sun_ser_2732
45.0,25.0,still_life_shall_overturned_shaken_positi_2733
17.0,51.0,landscape_whose_pencil_gay_vision_tablet_10932
19.0,32.0,landscape_impression_10937
34.0,9.0,still_life_arguments_show_prove_ways_test_2745
10.0,46.0,portrait_notion_imprinted_2748
2.0,33.0,landscape_rasa_tabula_plentifully_connat_2756
54.0,31.0,landscape_spirit_making_melody_10948
56.0,12.0,still_life_seated_throne_charming_musick__2759
18.0,32.0,still_life_almost_impression_influenced_10952
4.0,45.0,portrait_stamp_2763
62.0,18.0,landscape_place_slave_2769
56.0,19.0,still_life_show_box_string_ruling_passion_10964
55.0,6.0,landscape_abdicates_throne_10966
50.0,70.0,still_life_whiffling_spreads_spangled_net_10970
31.0,57.0,landscape_repository_collectors_carriers_2779
67.0,18.0,landscape_self_command_conquer_conquest__10985
56.0,36.0,landscape_misery_wretchedness_breast_dwe_10986
24.0,45.0,portrait_eyes_like_glasses_differently__2798
19.0,38.0,landscape_man_within_10990
52.0,29.0,still_life_pernicious_purpose_10994
20.0,46.0,still_life_glass_images_looks_2803
35.0,10.0,portrait_authority_judge_within_10996
44.0,24.0,landscape_wandering_reason_2810
76.0,45.0,landscape_iron_hearted_mother_11009
61.0,41.0,landscape_heal_raging_2818
60.0,11.0,still_life_kingdom_throne_forms_chains_re_2819
9.0,52.0,still_life_waxen_softness_still_shape_har_2822
46.0,64.0,landscape_reflected_luxuriance_shades_11020
49.0,55.0,landscape_gloomy_glass_despair_gloomy_gl_11026
36.0,44.0,landscape_thing_nourishment_nourishment__2838
33.0,26.0,landscape_conceiving_child_breeding_2840
45.0,82.0,landscape_sprout_forth_grow_2849
48.0,41.0,still_life_guest_still_lodging_greatest_p_2850
41.0,47.0,landscape_nature_like_sensitive_plant_to_11044
41.0,43.0,landscape_inflame_11056
73.0,57.0,still_life_takes_fire_danger_2866
64.0,67.0,landscape_sun_beams_sun_2870
76.0,29.0,still_life_full_full_heart_slave_2871
45.0,22.0,still_life__11063
57.0,13.0,portrait_betters_tyrant_throne_betters__2873
44.0,28.0,landscape_tenement_2874
59.0,38.0,landscape_sensations_pressed_upon_11064
55.0,53.0,landscape_floated_upon_fancy_reflected_s_11081
37.0,9.0,portrait_judge_2892
55.0,24.0,landscape_thus_predominant_passion_11085
72.0,34.0,still_life_rhyme_chain_shackling_rhyme_2897
81.0,43.0,still_life_wealth_riches_steel_enjoyment__11101
6.0,46.0,landscape_erase_2913
81.0,31.0,landscape_steel_11109
41.0,62.0,landscape_ascended_regions_descend_2924
27.0,48.0,still_life_resembled_convex_glass_small_p_11117
17.0,28.0,landscape_suspicion_impressions_easily_m_11119
55.0,34.0,landscape_needle_though_one_point_reason_11122
19.0,53.0,still_life_mirror_passing_object_every_im_11127
57.0,63.0,landscape_tempestuous_flood_whose_arise__11128
37.0,62.0,landscape_instrument_whose_sounds_string_11132
57.0,62.0,landscape_agonies_raise_tempest_11133
50.0,49.0,landscape_power_arrest_winds_violence_to_11136
59.0,40.0,portrait_blot_ev_ry_2944
59.0,62.0,landscape_warring_elements_rage_contend__2949
85.0,47.0,landscape_iron_iron_11144
34.0,23.0,landscape_blinded_clear_2952
82.0,42.0,landscape_made_steel_could_11146
61.0,53.0,still_life_tow_upon_wing_plumes_quits_hom_2955
79.0,44.0,still_life_steel_2958
35.0,43.0,still_life_beauties_body_2965
80.0,47.0,landscape_rust_accumulated_crusted_11160
25.0,26.0,landscape_strongly_impressed_upon_11162
19.0,23.0,still_life_act_extirpate_thing_11163
61.0,44.0,still_life_instances_knife_cuts_sheath_ex_2972
54.0,53.0,still_life_light_whilst_things_still_must_2973
65.0,32.0,landscape_sanctuary_protector_possibilit_11164
32.0,36.0,landscape_root_thing_11168
58.0,25.0,portrait_passion_2977
42.0,27.0,landscape_subordination_rooted_11173
18.0,41.0,landscape_grand_many_ingenious_11176
6.0,43.0,seascape_sentiments_interspersed_letter_11177
43.0,29.0,still_life_whose_one_firm_mansion_viz_mem_2989
30.0,64.0,landscape_limb_cast_tool_fit_use_2990
16.0,45.0,landscape_lively_imagination_must_borrow_11185
39.0,36.0,still_life_emptying_ideas_life_11189
49.0,45.0,still_life_lie_quiet_gross_tenement_11191
26.0,39.0,landscape_therefore_ears_heart_eyes_thy__2999
46.0,65.0,landscape_lake_stagnating_still_lake_11193
63.0,52.0,portrait_mount_wing_11195
32.0,56.0,still_life_ferment_3007
69.0,47.0,portrait_viper_poison_11199
45.0,52.0,landscape_wander_ideas_first_3008
61.0,36.0,portrait_poison_3010
57.0,43.0,still_life_shot_3014
31.0,35.0,portrait_mind_milky_11209
84.0,47.0,still_life_steel_brass_iron_grate_steel_b_3021
41.0,58.0,still_life_complexion_colour_11216
45.0,42.0,portrait_haunted_11217
23.0,51.0,portrait_mirror_3026
47.0,41.0,portrait_haunt_11220
39.0,44.0,still_life_feast_mind_body_3029
80.0,44.0,still_life_hammer_steel_11233
44.0,48.0,landscape_art_sounds_beautys_3046
23.0,66.0,landscape_impregnated_johnsonian_aether_11239
26.0,33.0,still_life_encourag_thought_way_unbinding_3050
5.0,42.0,portrait_white_paper_c_designed_11250
46.0,20.0,landscape_improve_dung_prolific_powder_3061
34.0,47.0,landscape_seat_3063
57.0,44.0,still_life_direful_vultures_3088
52.0,38.0,still_life_alas_blotted_remembrance_11283
64.0,20.0,landscape_hostile_fires_artillery_avenue_3094
69.0,53.0,portrait_gleam_hope_would_play_11289
40.0,16.0,still_life_unerring_chair_popes_ascribe_u_3099
60.0,56.0,landscape_carry_emulate_adventurous_flig_11298
47.0,72.0,landscape_green_grove_streams_streams_mi_3109
30.0,51.0,landscape_art_stile_part_woven_11301
74.0,31.0,landscape_confined_chain_asunder_11307
49.0,9.0,landscape_free_govern_3119
23.0,41.0,portrait_face_since_faces_3130
31.0,59.0,landscape_pass_examination_gross_prepare_3137
52.0,60.0,landscape_winds_rains_humid_vapours_heat_3148
70.0,40.0,portrait_hearts_eyes_3149
16.0,37.0,still_life_th_impression_3152
27.0,69.0,still_life_exercise_regulate_11349
59.0,27.0,landscape_conviction_rock_storms_passion_11350
75.0,54.0,landscape_dross_refine_thick_3158
49.0,38.0,landscape_place_guest_3161
79.0,33.0,still_life_chain_cramp_11357
57.0,24.0,landscape_passion_11372
58.0,35.0,landscape_grave_undiminish_11373
69.0,34.0,landscape_chains_drag_11382
65.0,72.0,landscape_light_sun_beams_pass_sight_ins_3198
17.0,43.0,landscape_magazine_abounding_magazine_ab_11396
44.0,6.0,still_life_reason_rules_cause_reason_rule_3214
52.0,21.0,portrait_reason_may_rule_3215
77.0,28.0,still_life_shackled_dread_11406
50.0,30.0,portrait_barren_11414
72.0,44.0,portrait_iron_brass_3223
65.0,65.0,still_life_bright_lamp_feed_light_11416
72.0,38.0,portrait_heart_face_11417
58.0,11.0,still_life_empire_throne_empire_throne_th_11419
19.0,57.0,still_life_figure_fancy_drew_11426
59.0,6.0,still_life_emerald_throne_ministers_11429
18.0,25.0,landscape_impression_11435
24.0,51.0,portrait_mirror_11441
41.0,59.0,still_life_natural_wholesome_complexion_m_11442
17.0,50.0,landscape_filling_superficial_parts_soli_3259
41.0,17.0,landscape_importance_contest_reason_3265
49.0,18.0,still_life_anarchy_awakens_mind_11461
38.0,39.0,landscape_invaded_11470
53.0,50.0,still_life_thick_darkness_11471
30.0,29.0,landscape_impress_11473
25.0,60.0,landscape_building_structures_3291
16.0,31.0,landscape_make_impression_3295
67.0,66.0,still_life_light_lamp_11488
73.0,62.0,still_life_season_tincture_fire_may_cover_3296
54.0,47.0,seascape_souls_made_sea_water_3306
32.0,53.0,still_life_catalogue_thing_11508
47.0,77.0,still_life_lies_fallow_fallow_sprouts_3324
70.0,62.0,still_life_burning_ideas_flame_burning_id_11518
45.0,81.0,portrait_germinate_seeds_scattered_11519
59.0,44.0,landscape_booted_wound_11523
65.0,6.0,portrait_empire_effected_11524
59.0,32.0,landscape_hopes_queen_11536
62.0,55.0,still_life_sylphids_still_reigns_11537
41.0,52.0,landscape_palaces_clad_cells_dwelling_11538
57.0,36.0,landscape_efface_image_11540
60.0,43.0,still_life_sadder_notes_3351
23.0,63.0,portrait_stamps_binds_3357
57.0,57.0,landscape_sun_summer_heats_spring_succee_3365
58.0,54.0,portrait_worked_therewith_least_stars_r_11568
72.0,33.0,landscape_chains_fetters_11572
46.0,80.0,landscape_seeds_remain_ready_sprout_fort_3382
54.0,65.0,landscape_gentle_gales_passions_3383
36.0,74.0,still_life_breaks_spring_3389
59.0,58.0,landscape_blue_sky_trembling_events_crow_11589
46.0,42.0,landscape_haunted_gloomy_gloomy_train_11594
18.0,38.0,landscape_emily_impressed_upon_11598
45.0,27.0,landscape_dwelt_temple_enshrin_3408
54.0,62.0,landscape_stormy_mind_pacify_3409
18.0,39.0,portrait_intelligent_read_passed_11600
58.0,55.0,landscape_imagination_soared_regions_spa_11607
57.0,66.0,landscape_possible_mists_dissipate_impos_11613
49.0,39.0,landscape_unbend_3422
52.0,70.0,landscape_sollicitations_revenge_stream__3424
39.0,65.0,still_life_serious_endeavoured_throw_trai_11620
51.0,55.0,landscape_gloom_shades_gloomy_grandeur_g_11629
26.0,66.0,landscape_exercise_mind_exercise_3440
45.0,49.0,landscape_loose_rambling_gay_prospects_b_3441
69.0,69.0,still_life_pictures_thing_shade_night_lig_3456
69.0,60.0,still_life_flame_burn_within_3462
43.0,27.0,still_life_living_tablet_3465
29.0,21.0,still_life_career_reflections_11658
43.0,4.0,still_life_justice_reason_shackle_fetters_11659
33.0,36.0,portrait_rooted_11661
3.0,45.0,portrait_upon_stamp_11668
38.0,51.0,landscape_excite_large_minute_ideas_vari_3483
35.0,54.0,landscape_furniture_lumber_broker_shop_f_11677
51.0,10.0,still_life_governs_ruler_slave_ruler_appe_3486
61.0,18.0,landscape_stained_within_11682
44.0,47.0,still_life_rising_observe_first_shoots_yo_11694
8.0,44.0,portrait_engraved_11700
22.0,30.0,landscape_th_impression_cast_11703
66.0,6.0,landscape_empire_survey_3515
79.0,45.0,portrait_iron_bound_11709
38.0,63.0,still_life_external_sense_ports_unopen_di_3519
21.0,32.0,landscape_impressions_convey_report_vita_3525
3.0,32.0,landscape_rasa_tabula_free_11724
74.0,32.0,still_life_impatient_yoke_chains_impatien_3535
0.0,48.0,portrait_thy_stamp_11730
8.0,45.0,landscape_pen_imprint_well_paper_well_pa_11735
30.0,37.0,still_life_engine_knows_3543
29.0,46.0,portrait_thro_outward_sense_object_flie_3548
54.0,52.0,still_life_giddy_whirl_settl_giddy_whirl__3572
58.0,56.0,landscape_weather_3575
47.0,19.0,portrait_dissented_fettered_ever_ever_11770
29.0,63.0,portrait_house_seat_place_narrower_ordi_3580
39.0,61.0,still_life_single_stain_upon_11790
45.0,30.0,portrait_make_guest_3603
58.0,62.0,landscape_storms_tempests_storms_3610
58.0,19.0,landscape_woman_reigns_become_prey_11803
56.0,40.0,landscape_unoccupied_void_11809
67.0,71.0,landscape_light_beam_3617
8.0,46.0,landscape_affected_imprinted_3619
49.0,25.0,landscape_idea_banish_11815
48.0,42.0,still_life_phantomes_phantomes_3625
64.0,1.0,still_life_thorough_revolution_thorough_r_11827
31.0,31.0,landscape_impressed_character_11831
36.0,10.0,portrait_judges_11832
48.0,7.0,portrait_superior_reason_governs_3643
62.0,27.0,landscape_knowing_nothing_else_changeabl_11837
24.0,34.0,landscape_presence_deep_impression_makes_3645
57.0,32.0,landscape_thou_prey_upon_3650
58.0,57.0,portrait_storm_11844
76.0,44.0,still_life_steel_breast_3657
22.0,28.0,landscape_strong_inclination_marvellous__11851
37.0,31.0,still_life_creation_impressed_11854
70.0,39.0,landscape_lodge_partner_3663
71.0,68.0,landscape_fumes_11857
56.0,62.0,landscape_gust_thro_wind_roars_billows_n_3667
60.0,41.0,landscape_heal_wounded_mind_3673
60.0,31.0,landscape_vigorously_struggled_soon_near_11869
46.0,58.0,landscape_adversity_gusts_11873
59.0,5.0,landscape_world_realms_11883
64.0,27.0,landscape_conquer_heart_victories_11884
55.0,42.0,seascape_naked_blank_3691
67.0,70.0,still_life_lamp_sickly_rays_socket_3695
2.0,47.0,still_life_stamp_11888
87.0,43.0,still_life_steel_11890
52.0,66.0,seascape_gently_tide_may_11894
4.0,34.0,landscape_rasa_tabula_rasa_11898
0.0,47.0,landscape_stamp_11901
40.0,41.0,still_life_crowd_peers_train_crowd_vacant_3715
57.0,19.0,portrait_disdain_imprinted_thy_11909
50.0,47.0,landscape_lover_lurking_rising_3718
66.0,5.0,landscape_reason_yield_3719
15.0,26.0,landscape_love_minds_subject_rule_fancy__3722
47.0,59.0,seascape_dancing_light_reflected_water_3730
40.0,44.0,portrait_feeds_3736
39.0,30.0,landscape_seemed_impressed_upon_11931
70.0,16.0,still_life_may_conquest_3742
70.0,41.0,portrait_heart_stone_could_11935
76.0,24.0,landscape_conquer_ev_3743
19.0,25.0,still_life_strong_impressions_3747
44.0,37.0,landscape_rising_crowded_probably_even_i_11942
20.0,28.0,landscape_great_impression_upon_3750
78.0,41.0,portrait_steely_heart_3756
27.0,77.0,still_life_pressed_solely_11948
81.0,44.0,still_life_steel_steel_heart_3757
82.0,39.0,still_life_steel_3760
42.0,9.0,still_life_laws_laws_11955
29.0,32.0,landscape_though_clouded_11957
21.0,60.0,landscape_windows_doors_3767
43.0,36.0,still_life_crowd_3770
35.0,66.0,still_life_like_skillful_musician_strikes_3773
3.0,35.0,landscape_rasa_tabula_produce_3775
69.0,63.0,still_life_fire_spark_11968
57.0,35.0,still_life_engraven_3778
18.0,52.0,landscape_images_reflect_11973
29.0,28.0,landscape_readily_mind_suffering_impress_11976
19.0,54.0,still_life_visions_painted_imagination_11982
62.0,15.0,landscape_slave_11991
69.0,70.0,still_life_came_crown_light_crown_light_11992
52.0,55.0,landscape_disappointment_within_days_clo_11997
47.0,69.0,landscape_foam_cast_billows_turbulent_mi_3805
33.0,33.0,portrait_tongue_zeno_advice_mind_3809
26.0,31.0,still_life_impressing_fruitless_images_se_12008
38.0,8.0,portrait_court_3820
57.0,9.0,still_life_throne_usurper_12015
48.0,69.0,landscape_planet_drew_within_vortex_3823
63.0,7.0,landscape_empire_12017
30.0,47.0,landscape_garments_ordinary_dress_habit__3834
45.0,53.0,landscape_led_guide_thro_labyrinths_3840
51.0,36.0,landscape_stranger_12033
59.0,14.0,still_life_oft_monarch_rebellion_subjects_3842
67.0,67.0,still_life_lamp_lamp_12032
71.0,15.0,portrait_empire_charms_new_increas_3848
29.0,81.0,landscape_bundle_bundle_12044
22.0,50.0,still_life_mirror_images_3856
39.0,53.0,landscape_treasure_finds_treasure_new_ro_3858
25.0,51.0,portrait_mirror_view_12052
37.0,43.0,landscape_magazine_3861
55.0,8.0,landscape_banish_mounts_throne_3862
29.0,77.0,still_life_weights_balance_balance_weight_3865
5.0,41.0,portrait_sheet_paper_capable_writer_soo_3868
73.0,61.0,landscape_flames_12062
80.0,33.0,still_life_steel_3872
64.0,50.0,landscape_hunt_gay_cameleon_12072
38.0,7.0,still_life_honest_court_3880
45.0,8.0,still_life_thy_rule_3882
53.0,20.0,still_life_ruling_passion_govern_ruling_g_12074
44.0,49.0,landscape_tuned_12077
72.0,31.0,landscape_free_chains_3886
20.0,27.0,still_life_make_impression_3887
78.0,42.0,still_life_heart_steel_12081
69.0,39.0,seascape_seal_3900
46.0,49.0,landscape_hive_vimineous_assiduous_actio_3906
61.0,27.0,still_life_blest_seraphs_shone_3909
40.0,37.0,still_life_intellectual_sight_3911
45.0,34.0,still_life_legendary_crowd_3913
46.0,31.0,portrait_guest_divine_every_guest_3914
59.0,55.0,landscape_soared_12105
61.0,33.0,portrait_viper_guest_viper_guest_3917
30.0,79.0,still_life_scale_weights_scale_weights_pr_3921
68.0,4.0,still_life_power_12122
48.0,49.0,landscape_intoxicating_fume_intoxicating_3943
35.0,50.0,still_life_golden_store_12144
26.0,50.0,landscape_crystal_prism_12160
24.0,52.0,portrait_mirror_12162
50.0,34.0,landscape_hitherto_stranger_12164
58.0,44.0,still_life_drive_animal_spirits_overwhelm_3979
71.0,31.0,portrait_holds_chains_12173
53.0,66.0,seascape_sea_smoothness_surface_sea_cur_3984
80.0,26.0,landscape_bond_12178
47.0,44.0,landscape_life_haunted_evil_conscience_t_3990
60.0,15.0,landscape_slaves_12184
66.0,38.0,portrait_heart_naked_3995
64.0,68.0,landscape_diffuse_thy_12191
24.0,33.0,still_life_impression_made_eras_made_4001
45.0,6.0,landscape_reason_12203
32.0,43.0,portrait_pass_mind_eye_shall_see_12204
71.0,69.0,landscape_many_torch_lights_view_view_im_4015
29.0,29.0,landscape_irresistible_desire_something__4022
68.0,40.0,still_life_unmingled_overflow_12217
64.0,25.0,still_life_caught_victory_4034
40.0,52.0,landscape_immoveable_place_12227
72.0,18.0,landscape_conquest_heart_4035
32.0,55.0,still_life_supplied_food_12230
56.0,43.0,portrait_soul_drooped_12238
66.0,40.0,landscape_may_sore_12252
33.0,55.0,landscape_supplied_food_12253
47.0,48.0,landscape_circumscribes_wanderings_pen_c_12254
9.0,44.0,portrait_engraved_12257
47.0,75.0,landscape_weedy_wild_garden_12258
2.0,48.0,portrait_may_stamped_12259
53.0,28.0,landscape_passions_indulgence_12262
73.0,37.0,landscape_dauntless_fetters_free_jumpt_4072
71.0,39.0,landscape_fair_image_12264
67.0,6.0,landscape_empire_12266
56.0,13.0,still_life_roving_usurps_throne_roving_gu_4076
68.0,6.0,landscape_empire_12268
28.0,64.0,still_life_body_exercise_4079
77.0,26.0,landscape_invader_12273
86.0,40.0,still_life_firm_steel_12276
79.0,34.0,portrait_touch_steel_12278
86.0,42.0,still_life_steel_12280
55.0,33.0,still_life_free_born_mind_birth_right_12288
25.0,43.0,landscape_inward_eye_tis_12294
75.0,31.0,landscape_chains_chains_12298
43.0,47.0,portrait_heart_like_face_visible_4108
67.0,7.0,landscape_empire_even_4111
53.0,49.0,landscape_buries_4115
56.0,46.0,still_life_mold_formed_4121
59.0,21.0,landscape_advocate_stir_fan_fires_4126
66.0,14.0,landscape_empire_world_12319
79.0,42.0,landscape_steel_4129
52.0,69.0,landscape_languid_formed_ideas_melting_12324
67.0,42.0,landscape_overburden_heart_let_flow_4132
49.0,19.0,still_life_meets_doubtful_fight_anarchy_b_4135
47.0,56.0,landscape_gland_vapours_glide_12330
68.0,9.0,landscape_empire_empire_4144
30.0,60.0,landscape_divide_cells_warmest_mansion_e_12338
5.0,45.0,portrait_stamp_characters_4147
81.0,40.0,portrait_steel_12340
68.0,14.0,landscape_empire_empire_12348
49.0,31.0,portrait_favourite_guest_idol_guest_12363
35.0,25.0,landscape_conscience_controll_4172
40.0,60.0,landscape_ink_12365
55.0,19.0,still_life_lasted_ruling_passion_12371
55.0,54.0,landscape_fled_flown_totters_throne_fail_12372
65.0,7.0,landscape_produc_might_retriev_empire_du_4179
71.0,55.0,still_life_burn_fire_4184
2.0,44.0,landscape_stamp_stamp_story_breast_ever_12377
19.0,26.0,landscape_impression_lay_strong_4194
50.0,37.0,still_life_vile_store_room_12391
64.0,34.0,landscape_voice_4200
21.0,30.0,landscape_left_impression_upon_4206
81.0,28.0,landscape_chain_bind_links_12400
47.0,30.0,landscape_guest_oh_come_thy_nest_12409
57.0,11.0,portrait_throne_surrounded_appoints_tas_4220
42.0,29.0,still_life_links_descry_4221
13.0,50.0,portrait_soft_picture_engrav_pencil_pic_12415
48.0,21.0,landscape_inmate_4227
80.0,55.0,landscape_caprice_deep_ruddy_white_adama_12431
21.0,28.0,landscape_th_impressions_4240
57.0,7.0,still_life_throne_would_shake_12438
42.0,76.0,landscape_barren_region_yield_harvest_yi_4247
27.0,40.0,landscape_bring_mind_inward_eye_12442
48.0,34.0,landscape_new_guest_love_4253
77.0,43.0,portrait_tainted_inglorious_degrade_tar_12450
69.0,19.0,landscape_heart_conquest_prove_4258
49.0,24.0,landscape_forbearance_love_unfeign_12452
66.0,8.0,landscape_empire_attain_12455
72.0,26.0,still_life_conquer_hearts_4265
55.0,64.0,seascape_vex_ocean_working_deep_unexpec_4271
77.0,27.0,portrait_bondage_worse_yoke_12464
60.0,21.0,portrait__disloyalty_rebel_rebel_4273
41.0,75.0,landscape_root_soil_rich_ores_buried_pil_12469
77.0,44.0,portrait_soul_steel_dauntless_resolutio_4281
55.0,30.0,landscape_warring_passions_peace_4282
60.0,62.0,landscape_tempest_4283
77.0,30.0,still_life_ties_beneath_iron_rod_chains_12481
59.0,68.0,still_life_curtains_buzzing_swarm_4290
80.0,31.0,still_life_fish_crooked_steel_12489
67.0,8.0,portrait_strove_empire_12495
70.0,18.0,landscape_conquest_obtain_greater_testim_4307
63.0,64.0,still_life_beam_12504
36.0,7.0,still_life_stoop_4313
60.0,37.0,landscape_sorrows_rest_4318
47.0,7.0,still_life_reason_governs_4319
78.0,52.0,landscape_like_wax_4320
18.0,53.0,still_life_viz_pictures_often_upon_dazzli_12512
37.0,63.0,landscape_instruments_iron_bosoms_12513
84.0,40.0,still_life_fancied_steel_every_12517
85.0,42.0,still_life_thy_steel_flint_thy_steel_4331
36.0,65.0,landscape_resides_eminently_persons_musi_4332
78.0,27.0,portrait_accomplish_bondage_set_suffer_12526
65.0,45.0,landscape_soft_babe_inur_4350
56.0,59.0,seascape_whirlwinds_gale_wing_whirlwind_4351
74.0,62.0,still_life_may_kindled_12545
57.0,21.0,portrait_master_passion_12546
70.0,58.0,landscape_burns_lambent_flame_pure_4354
22.0,53.0,portrait_mirror_12548
69.0,66.0,landscape_winding_train_takes_blaze_swif_4353
53.0,22.0,landscape_ruling_passion_12555
84.0,53.0,portrait_gold_12556
63.0,12.0,landscape_boundless_shewn_empire_12566
31.0,58.0,still_life_attention_imprinting_diet_regi_4375
51.0,66.0,seascape_flow_seas_drive_drive_changing_4377
44.0,50.0,still_life_harmony_harmony_like_spheres_a_4380
21.0,53.0,still_life_oh_train_upon_image_find_upon__12574
40.0,58.0,still_life_see_two_lights_incorporate_dis_4384
51.0,49.0,landscape_word_sepulchre_snatch_mirror_b_12577
29.0,48.0,still_life_refined_dress_12580
65.0,69.0,still_life_lamp_ray_day_12581
14.0,28.0,landscape_impression_4393
60.0,58.0,landscape_heavenly_flight_12589
24.0,40.0,landscape_charms_made_impression_4401
65.0,16.0,landscape_nations_war_home_4404
36.0,12.0,portrait__embryo_judge_12605
55.0,38.0,landscape_secret_hell_within_4423
39.0,54.0,still_life_shining_lights_open_open_spaci_4433
18.0,24.0,portrait_pure_impressions_glow_12628
61.0,32.0,still_life_subtile_thief_works_body_provi_4440
85.0,39.0,still_life_steel_12641
80.0,41.0,still_life_steel_12643
9.0,53.0,portrait_like_wax_read_impress_4452
30.0,35.0,portrait_mental_eye_12647
66.0,68.0,still_life_beams_lamp_candle_keep_light_m_12650
47.0,31.0,still_life_guest_tenant_yet_stranger_secr_4458
69.0,68.0,landscape_lighted_lamps_12652
68.0,71.0,still_life_lamp_light_12653
42.0,50.0,still_life_mind_gates_confin_4462
34.0,13.0,still_life_balance_weighs_best_12662
77.0,48.0,portrait_may_melt_4475
60.0,59.0,landscape_mastiff_barks_young_4487
15.0,27.0,landscape_impression_thy_12685
23.0,53.0,still_life_mirror_12686
44.0,54.0,landscape_sepulchre_cave_sepulchre_cave_4500
75.0,39.0,still_life_emblems_well_iron_hearts_12699
57.0,18.0,portrait_tyrant_spirit_12702
67.0,37.0,landscape_shroud_subdued_12703
68.0,47.0,still_life_leave_sting_behind_12704
54.0,72.0,landscape_unfetter__12707
18.0,50.0,portrait_peculiar_features_well_body_mu_4519
36.0,35.0,portrait_outward_faces_4522
58.0,21.0,portrait_master_passion_12716
59.0,12.0,still_life_whole_crown_religion_12718
71.0,20.0,portrait_heart_conquest_4528
41.0,19.0,landscape_kneaded_12722
60.0,24.0,landscape_found_entrance_4531
59.0,13.0,landscape_tyrant_passion_lords_er_mind_f_4532
71.0,21.0,still_life_conquer_hearts_12724
24.0,27.0,portrait_astonishment_admiration_fill_w_4535
18.0,27.0,landscape_fair_impression_12729
48.0,80.0,landscape_seeds_buds_buds_blossoms_bear__12730
42.0,7.0,still_life_rule_sallies_4539
27.0,23.0,landscape_prospect_4541
45.0,29.0,still_life_legal_dwell_retired_12734
65.0,26.0,landscape_conquer_4548
6.0,34.0,still_life_kind_tabula_rasa_form_4554
16.0,38.0,portrait_book_12746
68.0,46.0,landscape_harmless_make_den_12751
8.0,52.0,seascape_lump_soft_wax_harden_sealing_w_4560
58.0,18.0,portrait_tyrants_make_slave_tyrants_mak_12753
43.0,49.0,landscape_music_music_12758
51.0,59.0,landscape_lifes_windows_heavens_pole_pol_12765
40.0,53.0,landscape_numbers_one_old_inhabitants_co_4584
29.0,59.0,landscape_superintendency_governs_direct_4585
55.0,31.0,landscape__12779
55.0,41.0,portrait_bow_12780
65.0,55.0,landscape_thought_12781
55.0,23.0,landscape_conquer_passion_passion_4594
16.0,26.0,landscape_impression_4595
17.0,33.0,landscape_impression_mind_4599
29.0,51.0,portrait_mirror_ruffling_passions_mark__12792
24.0,46.0,still_life_reflected_glass_chimeras_4618
56.0,6.0,landscape_ascend_throne_12814
2.0,37.0,portrait_rasa_tabula_piece_paper_piece__4623
4.0,38.0,landscape_rasa_tabula_upon_paper_instanc_4628
80.0,42.0,still_life_steel_12826
80.0,45.0,still_life_murtherous_4638
46.0,36.0,portrait_much_crowding_jostling_among_12832
28.0,77.0,landscape_sort_balance_12834
54.0,30.0,landscape_midst_tumults_soul_strong_peac_4647
53.0,42.0,landscape_beyond_trough_styed_mire_12840
56.0,44.0,portrait_soul_human_12841
57.0,47.0,landscape_certainly_worm_never_always_gn_4648
39.0,56.0,portrait_wide_cage_door_12844
34.0,45.0,landscape_shape_like_body_shape_like_rec_4652
33.0,54.0,still_life_soul_shell_case_form_receive_s_4654
49.0,58.0,landscape_vapour_fume_smoke_forming_noth_4667
69.0,8.0,portrait_empire_4669
23.0,43.0,still_life_mind_eye_12867
61.0,37.0,landscape_across_4675
56.0,11.0,still_life_dome_kneel_alone_judgement_thr_12870
18.0,44.0,landscape_pack_scattered_cards_12871
75.0,28.0,still_life_trifling_twine_pleasure_tyes_r_4682
56.0,34.0,landscape_suppliant_thy_haughty_gorgeous_12881
61.0,58.0,landscape_burns_within_vain_loud_12883
58.0,59.0,landscape_storms_tear_hear_inland_caves__12885
49.0,80.0,landscape_shoot_breathe_th_plant_pour_br_4698
73.0,58.0,landscape_burning_fountain_whence_12898
58.0,47.0,landscape_corpses_like_worms_within_12899
58.0,24.0,landscape_conquer_passion_4712
50.0,73.0,still_life_hangs_like_round_neck_blocks_12905
75.0,43.0,still_life_iron_hearted_brasen_4714
60.0,6.0,still_life_king_throne_12908
59.0,7.0,portrait_fix_throne_12917
54.0,59.0,landscape_wing_wav_mind_flying_hand_glad_4725
24.0,54.0,portrait_mirror_error_12922
57.0,64.0,landscape_fierce_storm_involves_boils_fl_4733
25.0,54.0,portrait_shadow_4739
34.0,12.0,portrait_adultery_person_4742
43.0,48.0,portrait_transcendent_beam_12942
23.0,46.0,landscape_searching_keen_glances_12944
30.0,39.0,still_life_objects_locked_12945
40.0,55.0,landscape_avenues_external_objects_4763
78.0,30.0,landscape_linking_chains_12961
58.0,14.0,portrait_betters_tyrant_throne_betters__12966
60.0,73.0,portrait_silken_tie_silver_links_chain_12972
54.0,54.0,landscape_abstractly_light_nature_12977
57.0,49.0,landscape_incense_12981
27.0,15.0,portrait_coffers_like_governor_part_sto_12986
71.0,33.0,landscape_lot_combined_judgment_sits_cha_4797
75.0,19.0,landscape_ordered_mortar_case_12989
38.0,16.0,portrait_case_12991
50.0,53.0,landscape_murky_cell_4808
47.0,52.0,still_life_fancy_holds_sway_4812
68.0,45.0,landscape_encircling_crust_soulless_tene_13011
33.0,56.0,portrait_eat_mouth_teeth_c_eating_eaten_13015
47.0,82.0,landscape_seeds_4825
36.0,53.0,landscape_capacious_exchequer_deposite_v_4827
32.0,31.0,still_life_common_sense_dilemmas_form_han_13030
24.0,41.0,landscape_eye_reason_13035
69.0,57.0,landscape_burnt_cinders_4847
45.0,37.0,portrait_crowd_thoughts_4849
25.0,40.0,portrait_reason_eye_4850
66.0,64.0,landscape_spirit_air_smoke_take_fire_dis_4855
75.0,27.0,still_life_like_mole_13052
42.0,52.0,landscape_mazy_cobweb_false_mazy_cobweb__4863
38.0,40.0,landscape_invade_clouded_mind_13059
65.0,50.0,still_life_stung_nerves_flouncing_rush_4868
17.0,30.0,landscape_impressions_made_13060
16.0,25.0,still_life_strong_impression_13064
51.0,82.0,landscape_bursting_germs_healthful_gale_4880
70.0,68.0,portrait_series_spark_thought_13080
4.0,31.0,portrait_erase_4890
57.0,34.0,landscape_beasts_tumult_within_wild_beas_4898
66.0,17.0,landscape_armies_vanquish_nothing_unconq_4900
24.0,53.0,portrait_painting_mirror_13097
17.0,37.0,landscape_stamped_perfection_4906
29.0,30.0,landscape_mind_eye_13098
29.0,57.0,portrait_fair_mirror_play_4909
62.0,70.0,landscape_solar_system_13102
12.0,53.0,still_life_pencil_image_pencil_4911
68.0,17.0,portrait_inward_active_energy_objects_d_4915
22.0,51.0,portrait_reflects_mirror_despise_4918
70.0,32.0,landscape_chains_prison_seem_bound_iron__13112
4.0,32.0,landscape_made_tabula_rasa_4922
54.0,36.0,still_life_holds_chain_13114
25.0,50.0,portrait_mirror_shews_eye_glassy_pencil_13115
45.0,54.0,landscape_cave_one_place_train_cell_with_13118
8.0,47.0,landscape_displaying_forms_stamps_impres_4942
74.0,41.0,still_life_iron_heart_bloody_13136
74.0,60.0,portrait_fire_13142
51.0,61.0,seascape_sea_sea_lies_constancy_within__13146
21.0,43.0,still_life_ideas_upon_ideas_things_artifi_4961
64.0,52.0,landscape_fledgy_grace_wings_13158
31.0,33.0,still_life_blind_13160
30.0,53.0,landscape_moonlight_seen_mirror_13167
72.0,48.0,landscape_like_earthquake_4983
61.0,55.0,landscape_chains_aloft_wings_aloft_wings_5005
55.0,11.0,landscape_lord_master_13205
29.0,38.0,landscape_horizon_mind_enlarged_intellec_13206
50.0,35.0,landscape_stranger_5018
8.0,41.0,landscape_epistles_written_rasa_tabula_p_5022
27.0,66.0,landscape_healthful_exercise_mind_5023
69.0,46.0,landscape_rails_whereon_13216
46.0,33.0,still_life_lodge_th_chambers_unfurnish_ch_5028
47.0,20.0,portrait_mental_bodily_13224
59.0,66.0,landscape_flood_light_let_5040
34.0,56.0,still_life_lumber_obscure_corner_proper_l_5041
46.0,66.0,landscape_lake_wants_compass_13232
49.0,52.0,landscape_little_enchanted_roads_coming__13244
62.0,44.0,still_life_anatomist_secrets_soul_13249
29.0,71.0,landscape_put_water_convey_pipes_water_c_5063
29.0,19.0,still_life_fund_ideas_materials_upon_13258
58.0,68.0,landscape_beyond_absorption_voltaic_pile_13260
40.0,40.0,landscape_populated_5069
32.0,35.0,still_life_sees_5072
48.0,56.0,landscape_half_damp_half_dry_sea_mosses__13265
72.0,21.0,portrait_hearts_conquer_5075
32.0,25.0,landscape_endowed_much_flexibility_13276
22.0,54.0,landscape_view_13281
82.0,28.0,portrait_chains_bind_5094
54.0,22.0,still_life_conquers_passion_ruling_conque_5095
43.0,51.0,still_life_intellectual_stomach_13288
53.0,39.0,landscape_road_made_suddenly_lies_slow_s_13293
47.0,84.0,landscape_living_plant_seed_make_13298
30.0,63.0,landscape_anatomy_body_conformations_5108
52.0,61.0,seascape_card_ocean_diversely_gale_5110
60.0,27.0,landscape_serpent_swallows_hence_passion_5112
34.0,65.0,still_life_vagrancy_palms_banyans_nourish_13305
37.0,47.0,still_life_soul_hunger_nibble_hours_13309
50.0,68.0,landscape_always_difference_would_flow_l_13310
58.0,67.0,landscape_volcanic_upheavings_imprisoned_13313
27.0,63.0,landscape_stores_laid_13315
20.0,53.0,still_life_light_mirror_held_5124
39.0,43.0,portrait_starve_13316
15.0,54.0,landscape_painted_air_pencil_5127
65.0,28.0,still_life_storm_rule_5128
84.0,49.0,landscape_green_wood_5129
82.0,45.0,still_life_triple_brass_5130
42.0,26.0,still_life_produce_bring_forth_within_son_5133
40.0,51.0,landscape_range_far_room_5142
28.0,46.0,still_life_medium_things_medium_canal_amo_5152
66.0,45.0,still_life_hart_pants_13360
47.0,65.0,landscape_mirrored_placid_lake_lie_13362
27.0,44.0,portrait_bodily_eye_cannot_faculties_li_5171
18.0,51.0,landscape_perform_operations_cells_mathe_5173
58.0,12.0,landscape_thy_thy_weakness_5178
39.0,16.0,landscape_engrave_13372
41.0,18.0,portrait_delicate_heart_5185
58.0,20.0,still_life_ruling_passion_5189
38.0,49.0,landscape_sorts_moss_5191
56.0,7.0,still_life_throne_5198
64.0,18.0,still_life_conquer_foe_5203
27.0,60.0,landscape_wall_like_tennis_ball_5204
30.0,74.0,still_life_spring_acts_motion_acts_whole__5209
71.0,36.0,portrait_braid_13402
56.0,5.0,still_life_barrenness_strains_bound_brain_5217
55.0,66.0,landscape_lethe_middle_contagious_curren_13412
28.0,61.0,landscape_contain_cells_5224
19.0,52.0,landscape_reflection_troubled_stream_ret_5228
58.0,36.0,portrait_justly_rules_fire_cools_5231
41.0,46.0,landscape_see_eye_eye_open_13428
68.0,34.0,landscape_chain_th_5236
63.0,55.0,landscape_flutters_wing_unskill_range_or_5239
72.0,64.0,landscape_hot_seems_flash_hot_across_bur_13432
31.0,30.0,landscape_mania_shut_cannot_impotence_13439
13.0,38.0,portrait_like_permanent_mark_13444
67.0,44.0,landscape_corrode_fears_haunt_5253
50.0,45.0,still_life_awful_mind_darkened_13450
36.0,48.0,still_life_clock_13451
81.0,37.0,still_life_steel_5258
53.0,52.0,landscape_dark_void_gleams_upheave_root_5259
12.0,52.0,landscape_canvas_first_awake_outlines_5265
35.0,52.0,still_life_centre_storehouse_emporium_sto_13462
27.0,47.0,still_life_emporium_sense_reflects_lookin_13463
50.0,29.0,landscape_body_herd_war_peace_13469
31.0,60.0,portrait_supplement_showing_immense_tra_13473
57.0,6.0,portrait_assumes_throne_5289
20.0,73.0,landscape_electric_conductor_charge_char_13482
11.0,51.0,landscape_telephone_plate_condition_13484
44.0,57.0,landscape_subtile_sinister_cavern_rush_5297
32.0,47.0,landscape_back_bone_13492
36.0,55.0,still_life_little_empty_attic_furniture_e_13497
44.0,38.0,landscape_thousand_crowd_5307
42.0,28.0,still_life_unconquerable_13501
50.0,67.0,landscape_river_stream_river_stream_13508
46.0,81.0,seascape_quick_seeds_sea_drifted_holden_13522
55.0,61.0,landscape_gust_stormy_passion_blowing_pr_5333
85.0,50.0,still_life_forge_refining_forge_impatient_13530
30.0,58.0,still_life_match_perusal_13542
36.0,51.0,landscape_unused_savage_waste_unpeopled__5353
51.0,7.0,still_life_reason_rule_5368
72.0,49.0,still_life_shrill_brass_5377
46.0,78.0,landscape_weed_13571
4.0,35.0,landscape_part_tabula_rasa_clean_pair_ta_5385
87.0,49.0,landscape_base_alloy_pleasure_sphincter__5386
50.0,60.0,still_life_fish_flies_wings_flies_highest_5388
13.0,30.0,landscape_forces_attracts_like_draw_13584
55.0,9.0,still_life_throne_despise_5409
45.0,41.0,landscape_convulsion_fits_5412
66.0,72.0,landscape_spleen_5413
37.0,36.0,landscape_buzz_saw_might_13610
35.0,36.0,seascape_sea_across_passed_13611
60.0,44.0,still_life_lyric_cry_even_felt_13613
80.0,29.0,landscape_chains_5431
45.0,72.0,landscape_clay_thing_13630
26.0,45.0,portrait_eye_says_see_perceive_5444
21.0,22.0,portrait_matter_5447
51.0,37.0,landscape_banish_13639
55.0,10.0,still_life_maxims_throne_prescribing_laws_5449
39.0,62.0,still_life_sensible_solidity_matter_5455
32.0,37.0,landscape_ideas_13650
42.0,59.0,landscape_trooped_colour_simply_colour_s_13652
60.0,54.0,portrait_extatic_wing_5466
60.0,14.0,landscape_oppress_enslave_5474
79.0,27.0,landscape_bondage_13668
51.0,60.0,seascape_salty_brimming_waters_dews_13676
37.0,49.0,landscape_caparison_cloud_make_13679
44.0,59.0,landscape_colour_colour_colour_13681
74.0,38.0,landscape_hearts_gold_5492
50.0,33.0,portrait_stranger_guest_guest_love_flut_5499
74.0,37.0,portrait_fetters_hold_13693
19.0,55.0,landscape_well_body_one_painter_either_b_5503
60.0,23.0,still_life_combat_5512
27.0,74.0,landscape_machinery_always_13706
79.0,29.0,landscape_free_mortal_chains_possess_5516
31.0,34.0,still_life_gadget_mind_13719
40.0,68.0,still_life_scent_bottle_one_cork_13720
49.0,20.0,landscape_provinces_revolted_squares_sub_13724
70.0,7.0,landscape_empire_5535
72.0,32.0,portrait_chain_shou_force_upon_5538
82.0,55.0,still_life_jeweled_works_lights_13737
39.0,68.0,landscape_train_13738
50.0,74.0,landscape_twigs_entrusted_prunes_engraft_5548
61.0,19.0,portrait_reigns_ever_5552
83.0,52.0,landscape_gold_precious_stone_silver_gol_5566
56.0,47.0,landscape_sceptre_triumph_er_oppression_5575
32.0,73.0,still_life_bow_still_bends_5582
49.0,54.0,still_life_dark_disconsolate_dark_5586
66.0,9.0,landscape_better_empire_dominion_peniten_5587
48.0,65.0,still_life_slides_along_5597
38.0,50.0,landscape_moss_soot_13789
37.0,74.0,landscape_planted_woods_quarries_country_5605
29.0,67.0,still_life_tool_one_tools_13798
47.0,81.0,landscape_within_seeds_soil_seeds_may_so_5607
42.0,56.0,landscape_cathedral_facade_demons_monste_13799
83.0,41.0,still_life_steel_5620
69.0,61.0,portrait_henry_fire_13816
58.0,61.0,portrait_stormy_tumults_5629
58.0,63.0,landscape_tempest_winds_sea_5633
42.0,51.0,landscape_lighthouse_compass_wisdom_powe_13828
56.0,23.0,landscape_conquer_passion_5638
29.0,73.0,landscape_wheels_cogs_levers_mechanisms__13831
62.0,17.0,landscape_way_might_superintend_one_supe_13833
57.0,25.0,landscape_passions_5642
37.0,61.0,still_life_instruments_instruments_set_5645
46.0,79.0,landscape_soil_seeds_garden_soil_seeds_g_5648
70.0,64.0,landscape_detonates_goes_13841
53.0,63.0,landscape_makes_breeze_jasmine_13847
48.0,51.0,landscape_butter_5655
64.0,26.0,landscape_fix_5665
37.0,6.0,landscape_negative_waiting_13858
46.0,76.0,landscape_like_garden_13859
46.0,24.0,landscape_cramped_confined_like_cramped__5670
45.0,70.0,landscape_distilled_drop_brimming_fillin_13862
67.0,9.0,still_life_reign_empire_5674
52.0,54.0,landscape_mind_half_high_night_hurry_mid_5675
49.0,68.0,still_life_swim_flow_13877
50.0,69.0,landscape_flowing_stream_sensations_13880
2.0,32.0,landscape_rasa_tabula_5691
42.0,63.0,landscape_geographical_ecology_topograph_13884
47.0,67.0,seascape_bottle_bottle_sea_water_5707
40.0,69.0,landscape_like_stepping_stones_towards_13905
46.0,5.0,landscape_narrow_bounds_bounds_provinces_5716
6.0,49.0,landscape_various_traces_signatures_prop_5721
51.0,71.0,still_life_racketing_flywheel_stuttering__13914
35.0,53.0,still_life_things_filled_wretched_heap_ho_5724
46.0,54.0,landscape_bat_caverns_13916
68.0,62.0,landscape_heat_burn_imagination_13920
19.0,68.0,landscape_tumultuous_heap_5736
5.0,43.0,landscape_hundred_printed_upon_order_num_5742
9.0,46.0,landscape_imprint_upon_5743
72.0,63.0,still_life_burning_thing_5749
42.0,64.0,landscape_geography_basic_features_laid_13946
14.0,53.0,landscape_mind_eye_instead_pieces_13950
21.0,46.0,still_life_shop_window_sometimes_objects__13952
27.0,45.0,still_life_spectacles_purblind_pupils_5765
57.0,14.0,portrait_reign_conceitedness_5766
50.0,64.0,landscape_tumbleweed_across_windy_desert_13961
47.0,58.0,still_life_starting_blocks_starting_block_13964
49.0,21.0,still_life_slowly_simmering_scum_13975
3.0,34.0,landscape_tabula_rasa_5787
47.0,51.0,still_life_tattered_rags_trailed_13979
22.0,59.0,landscape_dear_windows_5790
51.0,68.0,landscape_stream_gathering_pools_like_st_13982
37.0,70.0,seascape_vessel_oars_carries_5793
24.0,61.0,portrait_body_13988
41.0,54.0,landscape_computer_telephone_switchboard_13992
60.0,60.0,still_life_storm_petrel_13993
32.0,70.0,landscape_motion_5807
49.0,42.0,landscape_plague_distemper_plague_distem_5808
50.0,54.0,landscape_dark_sky_14000
25.0,73.0,landscape_us_chauffeurs_inside_take_car__14002
54.0,42.0,still_life_vessels_bark_corporeal_filth_b_5815
74.0,33.0,landscape_fantastick_chains_inferior_5818
11.0,46.0,portrait_happens_retain_still_entertain_5820
48.0,52.0,landscape_chain_quite_prone_chain_soar_p_5828
16.0,40.0,still_life_loaf_loaf_like_soul_emptiness_14020
53.0,62.0,landscape_wings_kite_sky_kite_wind_blowi_14025
65.0,31.0,still_life_strikes_root_root_foe_5844
66.0,4.0,still_life_revolution_5847
27.0,76.0,still_life_tallied_odometer_14040
34.0,26.0,portrait_born_14043
48.0,38.0,landscape_stranger_thought__5857
58.0,8.0,still_life_throne_5872
38.0,44.0,landscape_unexercised_finds_body_full_no_5880
55.0,58.0,landscape_sun_shining_cloud_rain_paints__5882
51.0,64.0,landscape_whales_tank_tank_tank_zoo_14075
34.0,25.0,landscape_forum_14076
57.0,42.0,still_life_soul_redeem_skin_5890
64.0,19.0,portrait_heart_5892
79.0,26.0,portrait_fortress_14086
58.0,9.0,landscape_throne_begun_5896
59.0,9.0,still_life_lords_throne_5897
32.0,45.0,landscape_sensation_conception_blossomin_14091
59.0,10.0,landscape_thy_throne_thy_5905
65.0,13.0,landscape_despotic_empire_despotic_empir_5918
53.0,32.0,landscape_million_fatuously_happy_14111
56.0,63.0,landscape_storms_like_together_storm_14112
49.0,65.0,landscape_mountains_rock_slides_sinking__14115
53.0,55.0,landscape_glistening_spider_web_tropical_14118
50.0,36.0,still_life_minds_entirely_strangers_5929
43.0,37.0,still_life_vision_crowded_5933
50.0,46.0,portrait_garrulous_old_vacant_heart_5939
22.0,66.0,landscape_wet_finger_water_sliding_water_14136
73.0,59.0,landscape_kindled_one_flame_pour_fountai_5951
14.0,55.0,still_life_sketch_fill_fill_14147
53.0,59.0,portrait_fog_14150
67.0,68.0,still_life_held_lamp_ray_conscious_contem_5968
50.0,71.0,still_life_cradle_even_14165
67.0,34.0,still_life_baffled_counsellor_5974
61.0,56.0,landscape_fly_flying_short_flight_feebly_5975
67.0,45.0,landscape_moses_smitten_rock_gush_rock_g_5989
28.0,63.0,still_life_things_floating_around_bone_in_14185
47.0,54.0,landscape_round_paths_5995
74.0,19.0,landscape_soul_conquest_5997
27.0,62.0,still_life_disembodied_brainy_cells_embry_6000
69.0,15.0,still_life_conqueror_6005
45.0,50.0,landscape_proudly_beautiful_mental_jukeb_14201
19.0,67.0,landscape_database_14203
44.0,4.0,portrait_leading_dispute_fetters_free_b_6012
21.0,72.0,landscape_driver_car_running_computer_14205
52.0,22.0,landscape_love_passion_6022
71.0,17.0,landscape_conquest_6025
28.0,62.0,landscape_brain_reptile_14218
71.0,16.0,landscape_least_pawn_overplus_6029
3.0,38.0,landscape_tis_rasa_tabula_accordingly_pi_6032
50.0,8.0,landscape_one_confederation_unrecognizab_14227
26.0,67.0,landscape_radar_14235
30.0,41.0,landscape_eye_14241
43.0,24.0,still_life_blind_reason_seeing_gives_6054
66.0,30.0,landscape_second_guard_reason_keep_give__6057
54.0,75.0,landscape_spur_course_stakes_6059
45.0,68.0,still_life_bottle_14255
31.0,74.0,landscape_marionette_crisscross_14258
56.0,50.0,portrait_flew_6066
40.0,8.0,still_life_high_price_6074
52.0,64.0,seascape_vast_ocean_lies_sea_room_keep__6081
57.0,15.0,portrait_tyrant_tyrant_tyrants_peace_al_6086
65.0,34.0,portrait_raise_echoing_14279
38.0,43.0,still_life_distemper_bodies_6090
20.0,57.0,landscape_magic_organ_powerful_charm_clo_6097
29.0,62.0,landscape_inoperable_cancerous_thing_ins_14292
64.0,64.0,still_life_glimmering_ray_reason_ray_reas_6107
48.0,68.0,still_life_basin_find_apple_14299
65.0,15.0,still_life_necessary_counterweight_hegemo_14301
65.0,19.0,still_life_struck_made_conquest_heart_6114
56.0,25.0,landscape_conquer_passion_seized_indulge_6121
69.0,71.0,still_life_dim_bulbs_14316
34.0,34.0,landscape_conquered_mind_6125
33.0,58.0,still_life_two_compartments_14320
16.0,41.0,still_life_least_entirely_blots_offence_6129
28.0,47.0,still_life_blinds_time_mind_eye_14324
38.0,41.0,still_life_steals_without_pain_corrects_v_6136
62.0,14.0,landscape_gloomy_empire_nations_absolute_6139
13.0,54.0,landscape_unconscious_features_subtile_p_6143
57.0,30.0,landscape_light_truth_dawning_6151
57.0,54.0,landscape_sounds_chorus_ricocheting_14345
47.0,50.0,landscape_train_preserves_fleeting_recla_6154
52.0,30.0,landscape_action_harmonious_wont_meditat_6156
38.0,38.0,still_life_cause_brainstorm_14351
22.0,67.0,landscape_handle_expanded_portfolio_14352
75.0,60.0,landscape_flame_6163
69.0,49.0,landscape_zombie_ideas_thousands_walk_am_14356
71.0,48.0,landscape_killed_zombie_14358
53.0,65.0,landscape_sense_tossing_tide_nature_call_6167
70.0,49.0,landscape_ideas_zombie_14360
42.0,47.0,landscape_every_breast_implanting_object_6170
71.0,49.0,landscape_drive_zombie_idea_background_14363
47.0,49.0,landscape_lycanthrope_mote_feather_donal_14370
31.0,48.0,landscape_dress_fancy_assumes_various_co_6178
43.0,55.0,landscape_long_resident_private_psychic__14372
51.0,73.0,landscape_adorn_far_flight_plume_aspirin_6180
42.0,57.0,landscape_naked_sense_veil_spun_fashion__6183
64.0,71.0,landscape_light_shapes_swift_contingence_6190
23.0,72.0,still_life_machine_programming_bugs__14382
49.0,81.0,landscape_rear_direct_growth_luxuriant_b_6192
55.0,45.0,landscape_salvage_heap_14393
19.0,22.0,still_life_idols_6202
32.0,51.0,still_life_pleasing_stores_unless_things__6203
65.0,38.0,still_life_pleats_time_hem_14402
54.0,71.0,portrait_helm_preside_point_waft_6233
55.0,65.0,landscape_gusts_driven_6239
59.0,61.0,landscape_storm_harmless_thunders_storm__6260
45.0,5.0,portrait_wit_say_6265
81.0,52.0,still_life_diamond_weighty_diamond_still_6267
50.0,57.0,landscape_cloud_miasma_14462
53.0,56.0,landscape_calm_evening_skies_hopes_heave_6274
45.0,21.0,landscape_dank_halls_prison_toward_meado_14471
55.0,62.0,landscape_stormy_gusts_tumult_stormy_gus_6283
69.0,45.0,landscape_fiercest_venom_thro_hymeneal_p_6287
17.0,41.0,portrait_entitled_press_pp_pin_untroubl_14479
80.0,38.0,landscape_barbarian_heart_steel_6297
51.0,8.0,still_life_sovereign_sovereign_obey_6302
43.0,79.0,still_life_made_smithies_14495
68.0,60.0,landscape_come_alive_kindled_shakespeare_14497
27.0,70.0,landscape_untethered_jackhammer_14507
51.0,9.0,landscape_governs_us_humours_body_6316
42.0,55.0,landscape_palace_assembled_apartments_di_14515
28.0,67.0,landscape_strengthening_muscle_usually_e_14519
62.0,43.0,landscape_scars_body_14524
22.0,72.0,landscape_starting_connecting_starting_c_14526
51.0,51.0,portrait_saw_part_sex_visage_love_blind_6338
42.0,46.0,landscape_infant_passion_struggled_forth_6345
30.0,30.0,still_life_washed_14538
5.0,44.0,still_life_print_6359
26.0,47.0,portrait_soul_inhabiting_brain_acting_e_6360
50.0,81.0,landscape_caught_hanging_rope_inside_roo_14553
71.0,62.0,still_life_flaming_th_asserted_fire_6363
20.0,45.0,landscape_looking_dictionaries_neural_di_14556
34.0,44.0,landscape_neural_trash_14560
49.0,57.0,portrait_soft_air_air_disturb_air_light_6371
62.0,28.0,landscape_passions_enslave_tarnish_glory_6379
74.0,66.0,portrait_except_spark_14572
59.0,20.0,still_life_pride_6381
54.0,64.0,still_life_gentle_inflate_winds_inflate_s_6380
66.0,69.0,portrait_radiates_light_14576
59.0,45.0,still_life_incandescent_souls_14577
65.0,30.0,portrait_deck_6386
34.0,51.0,landscape_vast_stores_asks_14579
75.0,40.0,still_life_splinter_ice_14581
51.0,45.0,still_life_intoxicate_wine_much_6390
45.0,64.0,landscape_geologic_therefore_calling_lea_14586
30.0,36.0,portrait_speak_14587
56.0,65.0,landscape_first_tsunami_subsided_14594
29.0,72.0,landscape_hydraulic_pump_propelling_hydr_14596
69.0,14.0,still_life_roll_feast_sinks_pleasure_6408
70.0,8.0,landscape_empire_knows_6411
34.0,57.0,landscape_reins_transport_feign_6413
32.0,54.0,portrait_crammed_texts_shelves_pages_cr_14608
69.0,48.0,still_life_snuff_taker_snuff_6423
23.0,67.0,landscape_wired_14618
5.0,36.0,still_life_use_instruction_mere_rasa_tabu_6426
26.0,73.0,still_life_strange_machine_6429
32.0,58.0,still_life_animal_open_mussel_grotto_14623
42.0,62.0,landscape_mountains_behind_green_haughty_14628
69.0,54.0,landscape_inspire_fix_ev_latent_fire_6438
59.0,42.0,still_life_wound_thro_wound_dear_infectio_6442
70.0,59.0,still_life_flame_burn_6445
67.0,61.0,landscape_anyway_dark_14648
58.0,27.0,portrait_fatal_flame_remove_passion_swa_6457
46.0,70.0,landscape_floating_like_liquid_floating__14650
68.0,15.0,landscape_extent_empire_6462
30.0,59.0,still_life_brain_food_14660
50.0,58.0,landscape_cloudy_14664
33.0,42.0,still_life_still_rounds_14675
60.0,25.0,landscape_always_predominant_passion_6486
53.0,29.0,landscape_upon_thy_predominant_passion_r_6488
18.0,34.0,landscape_types_mental_clay_form_impress_14683
57.0,26.0,still_life_passions_whatever_6491
25.0,41.0,portrait_mind_eye_14689
69.0,16.0,portrait_conqueror_conqueror_6499
59.0,24.0,landscape_passion_conquered_6509
36.0,71.0,landscape_whirling_vectoring_reaching_ve_14710
21.0,73.0,landscape_contain_circuits_system_14717
31.0,53.0,landscape_companies_expand_14719
52.0,82.0,still_life_leg_legs_leg_14723
33.0,57.0,landscape_upon_tract_chain_chain_ideas_6540
15.0,68.0,landscape_stock_ideas_furnished_unlimite_6542
16.0,32.0,still_life_impression_senses_immediately__6544
29.0,54.0,still_life_stunning_mirror_rooms_mirror_r_14738
46.0,37.0,landscape_observation_crowd_confused_ide_6550
54.0,46.0,landscape_dross_feces_feces_6553
28.0,40.0,portrait_see_look_mind_eye_6554
53.0,67.0,landscape_taken_storm_changed_carried_in_6555
31.0,56.0,landscape_library_unending_library_unend_14747
40.0,56.0,landscape_ping_pong_ball_bounced_back_pi_14749
15.0,33.0,landscape_concrete_freshly_poured_make_i_14751
37.0,58.0,portrait_always_chorus_inside_14758
52.0,53.0,still_life_darkness_soul_shadows_darkness_14764
68.0,69.0,still_life_light_light_6582
20.0,59.0,landscape_corner_14776
75.0,37.0,landscape_chained_pace_6589
1.0,49.0,landscape_stamp_idea_6590
25.0,34.0,landscape_suspense_detail_14786
49.0,82.0,landscape_seeds_whence_reap_sleep_6598
14.0,39.0,landscape_labyrinth_nietzsche_detected_h_14796
37.0,72.0,landscape_scrambled_scrambled_14799
36.0,18.0,still_life_gives_testimony_6607
4.0,48.0,portrait_refined_dross_currency_receive_6619
49.0,47.0,landscape_counter_poise_times_broke_diss_6621
40.0,38.0,landscape_gloom_invade_circumstances_6626
53.0,60.0,landscape_weather_14830
48.0,40.0,landscape_viral_clams_14832
52.0,23.0,portrait_direct_6645
38.0,60.0,landscape_brain_exploded_starry_14838
4.0,44.0,landscape_stamp_impression_6647
34.0,66.0,still_life_hands_massaged_14841
34.0,46.0,still_life_soul_organs_body_6657
20.0,23.0,landscape_winding_6662
59.0,46.0,portrait_star_gate_similar_vast_well_14858
38.0,62.0,landscape_string_violin_strings_vibrates_6671
19.0,58.0,still_life_flattering_pencil_arts_skeleto_6675
15.0,53.0,landscape_eye_looking_glass_vision_imagi_6686
44.0,5.0,still_life_rule_6700
43.0,6.0,still_life_root_forth_reason_rules_let_6701
57.0,12.0,still_life_take_seat_vain_tir_reign_prude_6703
58.0,22.0,still_life_us_passions_reign_6722
73.0,49.0,portrait_earthly_dross_refine_6724
12.0,41.0,still_life_engraven_6729
60.0,8.0,landscape_throne_lord_kingdom_presides_6733
39.0,9.0,landscape_court_presides_governs_directs_6736
66.0,20.0,portrait_victory_6737
47.0,35.0,still_life_spontaneous_often_stranger_6749
43.0,34.0,still_life_500_l_much_6754
33.0,24.0,landscape_playhouse_managers_men_6757
34.0,24.0,portrait_theatre_theatre_persons_indeed_6758
74.0,25.0,landscape_charmed_advantage_conquered_he_6759
62.0,25.0,portrait_passion_6763
59.0,54.0,landscape_wild_wing_rove_way_birds_6774
60.0,61.0,seascape_ark_fix_mountain_rocks_6775
55.0,44.0,still_life_soul_body_6779
24.0,57.0,landscape_fancy_mirror_wrap_6784
36.0,41.0,still_life_universal_medicine_6794
49.0,59.0,landscape_seldom_without_radiations_unde_6797
37.0,40.0,landscape_originally_diseased_6805
35.0,42.0,landscape_indeed_diseases_6808
51.0,13.0,portrait_powerful_minds_carry_light_hea_6823
31.0,46.0,landscape_parallel_circumstances_readily_6848
36.0,43.0,landscape_disease_attained_catharticks_v_6849
72.0,17.0,landscape_secure_conquest_another_fortre_6851
70.0,54.0,portrait_celestial_fire_pregnant_6858
73.0,18.0,portrait_conquest_heart_6870
65.0,29.0,still_life_alliance_enmity_6873
71.0,56.0,portrait_flame_6874
65.0,43.0,portrait_heart_bleeding_6876
68.0,19.0,landscape_heart_conquest_6879
61.0,22.0,landscape_conquer_passion_6883
53.0,23.0,landscape_conquer_passion_6886
7.0,43.0,still_life_engraven_brass_6889
81.0,30.0,still_life_steeled_6892
31.0,29.0,still_life_thing_promotes_interest_pernic_6907
39.0,26.0,portrait_kind_6916
15.0,32.0,landscape_mind_impressions_6948
73.0,63.0,landscape_consist_fire_water_earth_slugg_6966
22.0,33.0,landscape_may_parts_certain_impressions__6969
43.0,50.0,landscape_attractions_interrupted_chains_6993
62.0,66.0,landscape_expanded_sunshine_felicity_unb_6996
27.0,32.0,still_life_principles_time_impressed_memo_6999
35.0,44.0,landscape_body_kept_action_faculties_one_7003
73.0,20.0,portrait_conquest_heart_7012
60.0,22.0,landscape_passions_7016
20.0,30.0,landscape_impression_made_upon_7020
20.0,29.0,landscape_make_impression_upon_7022
70.0,21.0,landscape_conquering_hearts_7068
6.0,42.0,landscape_yielding_paper_pen_7071
83.0,39.0,still_life_steels_fresh_courage_7078
47.0,78.0,landscape_fertile_field_weeds_wild_herbs_7086
17.0,26.0,landscape_making_impression_7104
19.0,46.0,still_life_accumulation_memory_stored_not_7105
28.0,31.0,landscape_impressed_7110
70.0,69.0,still_life_effect_light_dazzle_7111
24.0,58.0,landscape_train_images_array_7112
36.0,69.0,landscape_produced_train_given_birth_7127
37.0,48.0,still_life_feed_delicacies_7142
18.0,43.0,landscape_firm_materials_hammered_make_i_7144
56.0,29.0,still_life_passions_boil_7150
63.0,17.0,portrait_torn_7153
82.0,53.0,still_life_ideas_golden_7167
40.0,39.0,still_life_thousand_crowded_7169
55.0,29.0,landscape_passions_predominant_7183
43.0,32.0,landscape_mansions_7187
68.0,20.0,landscape_heart_conquest_7194
63.0,66.0,still_life_dawning_ray_dawning_ray_noon_m_7199
41.0,63.0,portrait_depths_7200
44.0,12.0,landscape_lawless_passion_7204
85.0,43.0,still_life_flinty_steel_heart_thy_steel_7211
79.0,40.0,still_life_steel_7214
39.0,51.0,still_life_room_least_particle_7224
54.0,35.0,still_life_shall_treasure_find_fortune_ch_7240
22.0,60.0,landscape_made_window_7257
59.0,25.0,landscape_passions_7265
80.0,30.0,landscape_leads_chains_gives_loose_7275
56.0,24.0,landscape_conquer_passion_7281
57.0,59.0,landscape_loose_end_make_whirlwind_power_7286
3.0,44.0,landscape_paper_7298
2.0,45.0,portrait_stamp_sorrow_heart_melting_7307
83.0,53.0,landscape_mine_minerals_gild_mine_strata_7321
84.0,42.0,still_life_steel_flint_steel_flint_7325
38.0,52.0,still_life_fill_chest_already_full_stuffe_7327
37.0,55.0,still_life_truth_room_inhabit_7334
46.0,22.0,still_life_prison_putting_methinks_7335
24.0,44.0,portrait_eye_body_7342
33.0,43.0,still_life_mind_eye_7344
71.0,42.0,still_life_low_weigh_balance_heart_grain_7352
14.0,52.0,landscape_respect_regard_order_passions_7365
64.0,53.0,landscape_bear_lofty_wings_imagination_7366
86.0,43.0,landscape_steel_7368
43.0,56.0,landscape_veil_imperfections_naked_7369
43.0,33.0,landscape_house_entirely_apartment_house_7374
44.0,32.0,landscape_beautiful_apartment_yet_accomm_7375
77.0,46.0,landscape_contagion_7383
58.0,60.0,still_life_may_7387
65.0,67.0,still_life_may_sunshine_7389
35.0,51.0,still_life_treasures_stores_funds_treasur_7391
20.0,39.0,landscape_fleet_greatest_7406
23.0,30.0,landscape_suggestions_receives_impressio_7409
34.0,88.0,portrait_currency_coined_gold_brass_cop_7414
60.0,74.0,still_life_knots_according_tie_knots_prop_7417
28.0,69.0,landscape_artificer_works_proper_instrum_7421
8.0,51.0,seascape_figure_piece_wax_impression_se_7431
52.0,58.0,landscape_light_cloud_cloud_mist_cloud_m_7434
84.0,52.0,portrait_gold_7442
48.0,48.0,landscape_seem_benumbed_take_take_fire_7443
76.0,53.0,still_life_play_beams_figures_melt_away_7451
32.0,44.0,portrait_dies_7455
63.0,69.0,portrait_moon_moon_stars_moon_stars_sta_7456
2.0,46.0,portrait_may_stamp_7461
14.0,43.0,still_life_blot_obliterate_7462
41.0,8.0,landscape_leets_law_days_lawful_7473
17.0,27.0,still_life_impression_7478
82.0,44.0,still_life_metal_steel_7480
47.0,47.0,still_life_faint_task_anvil_mine_fits_sli_7500
66.0,59.0,portrait_gust_upon_slow_fever_remains_u_7519
20.0,22.0,landscape_much_larger_esteem_left_strong_7524
81.0,38.0,still_life_heart_steel_7529
4.0,47.0,landscape_coin_approve_image_love_7551
69.0,20.0,landscape_conquer_7574
4.0,37.0,still_life_difficult_tabula_rasa_blank_pa_7577
5.0,34.0,landscape_rasa_tabula_must_must_lay_e_7578
41.0,57.0,landscape_learned_expel_breasts_7581
50.0,44.0,portrait_labour_continually_severest_la_7585
72.0,56.0,portrait_pure_fire_glow_7589
54.0,41.0,landscape_thy_friendly_mansions_take_wis_7594
64.0,17.0,landscape_rough_war_contending_storm_7597
39.0,41.0,landscape_crowds_flow_7601
65.0,70.0,landscape_beams_light_7610
44.0,11.0,landscape_law_7627
43.0,8.0,landscape_law_reason_law_reason_7638
43.0,35.0,still_life_give_despicable_crowded_wretch_7654
25.0,52.0,still_life_sight_invisible_mirror_gave_be_7665
30.0,33.0,portrait_mind_7666
48.0,31.0,still_life_constant_guest_thy_breast_gues_7677
37.0,60.0,landscape_press_watch_repeats_hear_7688
43.0,71.0,landscape_humbler_field_investigate_spri_7692
63.0,8.0,landscape_extensive_province_pain_region_7693
53.0,57.0,landscape_clouds_upon_one_gleam_7704
10.0,51.0,seascape_trace_prints_smooths_prints_ma_7705
59.0,34.0,landscape_swords_temper_swords_7717
70.0,56.0,landscape__fire_7718
68.0,16.0,still_life_empire_7733
43.0,43.0,still_life_may_crowd_7734
62.0,67.0,still_life_calm_sunshine_7739
84.0,39.0,landscape_root_strikes_7740
28.0,75.0,landscape_human_clock_kind_repeater_upon_7741
52.0,20.0,still_life_one_arm_7742
85.0,46.0,still_life_steel_7746
26.0,41.0,portrait_eye_beholds_7750
51.0,56.0,landscape_chilling_damps_chilling_damps_7753
50.0,48.0,still_life_heats_colds_anger_passions_bod_7763
38.0,27.0,landscape_enforce_nature_implanted_prote_7787
39.0,8.0,still_life_judge_jurisdiction_tribunal_7790
25.0,44.0,portrait_turning_eyes_inwards_seeing_po_7792
44.0,58.0,still_life_discolour_things_objects_light_7796
52.0,50.0,still_life_bold_surgeon_hand_tremble_perf_7797
36.0,8.0,landscape_comfortable_applause_7814
8.0,42.0,still_life_snatches_pen_mark_7820
15.0,39.0,landscape_latest_editions_7824
65.0,71.0,landscape_rays_scatter_widely_force_feeb_7825
44.0,52.0,landscape_inmost_labyrinths_7836
63.0,16.0,still_life_rebel_restrain_keep_guide_rein_7838
63.0,27.0,still_life_conquer_love_7839
85.0,48.0,landscape_steel_alloy_steel_alloy_7843
70.0,33.0,landscape_whimsical_chain_made_7845
85.0,45.0,still_life_flint_steel_7846
51.0,32.0,landscape_happy_perfect_complete_harmony_7848
29.0,79.0,landscape_mental_scales_balance_placing_7858
22.0,73.0,landscape_load_superfluous_attention_rep_7862
30.0,42.0,still_life_blinds_bright_sees_nothing_sig_7882
50.0,63.0,seascape_ocean_bounds_confin_7887
45.0,78.0,landscape_earth_weeds_birth_stagnate_unc_7891
55.0,49.0,still_life_mould_ring_clay_never_shall_su_7901
70.0,61.0,portrait_burns_within_7908
42.0,18.0,portrait_thy_grafted_7915
62.0,53.0,still_life_strong_wing_snatched_home_magi_7917
14.0,51.0,portrait_faces_7923
61.0,13.0,still_life_fancy_7952
83.0,45.0,still_life_rugged_steel_7955
54.0,63.0,landscape_horses_break_wind_wind_like_no_7963
17.0,32.0,landscape_impression_striving_obliterate_7969
56.0,67.0,still_life_led_inebriation_chain_lost_eve_7974
67.0,60.0,portrait_potent_bright_ore_7988
23.0,54.0,landscape_expedient_mirrour_7990
69.0,67.0,landscape_burns_lamp_7991
76.0,30.0,landscape_binds_chains_7998
51.0,23.0,still_life_sportive_rein_7999
55.0,76.0,landscape_moving_nature_train_flies_8010
23.0,60.0,landscape_carry_window_might_exposed_oth_8011
34.0,58.0,landscape_inmost_recesses_8013
43.0,7.0,landscape_reason_law_8017
45.0,57.0,landscape_leprosy_body_8023
33.0,44.0,portrait_female_nicety_madam_inward_cle_8034
36.0,9.0,still_life_testimony_goes_stands_8049
46.0,35.0,still_life_engaged_talking_loud_8054
41.0,7.0,landscape_law_law_law_law_determine_brit_8064
62.0,12.0,portrait_iron_hearted_charles_k_make_8069
29.0,61.0,landscape_brain_cells_blood_lymph_nervou_8070
51.0,35.0,still_life_stranger_8076
36.0,54.0,still_life_perception_typified_one_thing__8092
87.0,48.0,still_life_curtins_horn_would_horn_works_8098
33.0,46.0,still_life_organization_part_took_residen_8102
50.0,50.0,landscape_noble_refined_taking_residence_8106
49.0,46.0,landscape_incomprehensible_contexture_wi_8108
32.0,72.0,landscape_imagination_motion_go_8109
41.0,66.0,still_life_power_wafting_back_quick_note__8116
41.0,56.0,landscape_increasing_ratiocination_batal_8124
62.0,57.0,landscape_messengers_going_8125
50.0,65.0,landscape_floated_sail_ballast_carried_b_8129
37.0,8.0,still_life_tribunal_within_us_wrong_8132
37.0,10.0,still_life_judgments_judge_8134
42.0,34.0,landscape_man_within_acclamations_mankin_8135
28.0,68.0,portrait_judge_within_proper_8138
38.0,13.0,portrait_inhabitant_man_within_inhabita_8142
67.0,43.0,still_life_heart_die_within_8151
16.0,44.0,still_life_blot_8153
72.0,43.0,still_life_iron_heart_shall_quake_8157
73.0,38.0,landscape_heart_loaded_8158
83.0,42.0,portrait_courage_steel_8160
43.0,42.0,landscape_crowded_upon_succession_8164
13.0,53.0,landscape_picture_kind_painting_8170
78.0,55.0,still_life_fancy_drew_poet_glowing_raptur_8173
67.0,38.0,landscape_strik_st_thousand_daggers_8175
52.0,63.0,landscape_sea_bark_must_sea_stormy_chann_8181
64.0,33.0,landscape_graven_8182
65.0,33.0,still_life_stronger_guest_reason_quits_fo_8186
